fecha,h0,hf,pluvio,observador,fechahora,duracion,conico
2015-09-03,13,15,2.4,MIGUEL,2015-09-03 13:00:00,2,
2015-09-17,11,14,0.4,ROBERTO,2015-09-17 11:00:00,3,
2015-09-19,11,15,25.2,MIGUEL,2015-09-19 11:00:00,4,
2015-09-23,12,15,8.2,DIEGO,2015-09-23 12:00:00,3,
2015-09-25,9,11,0.9,DIEGO,2015-09-25 09:00:00,2,
2015-09-26,1,3,3.2,JUAN,2015-09-26 01:00:00,2,
2015-10-03,2,10,13.0,ROBERTO,2015-10-03 02:00:00,8,
2015-10-07,14,15,1.0,JUAN,2015-10-07 14:00:00,1,
2015-10-20,13,17,6.0,DIEGO,2015-10-20 13:00:00,4,
2015-10-22,14,17,3.8,DIEGO,2015-10-22 14:00:00,3,
2015-10-24,12,14,3.6,JUAN,2015-10-24 12:00:00,2,
2015-10-24,20,22,0.8,JUAN,2015-10-24 20:00:00,2,
2015-10-26,11,14,5.1,MIGUEL,2015-10-26 11:00:00,3,
2015-10-27,13,14,0.4,MIGUEL,2015-10-27 13:00:00,1,
2015-10-28,13,16,9.9,MIGUEL,2015-10-28 13:00:00,3,
2015-10-29,0,3,5.9,MIGUEL,2015-10-29 00:00:00,3,
2015-10-30,0,2,4.0,MIGUEL,2015-10-30 00:00:00,2,
2015-11-01,4,6,1.6,ROBERTO,2015-11-01 04:00:00,2,
2015-11-03,1,3,7.0,ROBERTO,2015-11-03 01:00:00,2,
2015-11-08,11,15,1.2,DIEGO,2015-11-08 11:00:00,4,
2015-11-09,12,15,10.0,DIEGO,2015-11-09 12:00:00,3,
2015-11-11,2,5,11.0,ROBERTO,2015-11-11 02:00:00,3,
2015-11-12,2,6,12.0,ROBERTO,2015-11-12 02:00:00,4,
2015-11-14,13,16,1.3,MIGUEL,2015-11-14 13:00:00,3,
2015-11-15,7,9,1.2,MIGUEL,2015-11-15 07:00:00,2,
2015-11-15,12,13,7.9,MIGUEL,2015-11-15 12:00:00,1,
2015-11-21,16,17,10.2,JUAN,2015-11-21 16:00:00,1,
2015-11-26,11,13,17.3,MIGUEL,2015-11-26 11:00:00,2,
2015-11-27,13,15,2.4,MIGUEL,2015-11-27 13:00:00,2,
2015-12-02,10,16,19.2,JUAN,2015-12-02 10:00:00,6,
2015-12-04,11,16,9.3,DIEGO,2015-12-04 11:00:00,5,
2015-12-08,19,20,2.0,ROBERTO,2015-12-08 19:00:00,1,
2015-12-12,0,3,3.6,MIGUEL,2015-12-12 00:00:00,3,
2015-12-18,9,11,1.8,DIEGO,2015-12-18 09:00:00,2,
2015-12-19,1,5,2.9,JUAN,2015-12-19 01:00:00,4,
2015-12-19,21,23,10.3,JUAN,2015-12-19 21:00:00,2,
2015-12-20,12,15,2.8,JUAN,2015-12-20 12:00:00,3,
2015-12-21,14,16,4.1,MIGUEL,2015-12-21 14:00:00,2,
2015-12-23,4,8,8.5,MIGUEL,2015-12-23 04:00:00,4,
2015-12-23,14,16,1.2,MIGUEL,2015-12-23 14:00:00,2,
2015-12-26,20,21,6.0,ROBERTO,2015-12-26 20:00:00,1,
2015-12-29,12,14,1.2,JUAN,2015-12-29 12:00:00,2,
2015-12-30,22,23,0.7,JUAN,2015-12-30 22:00:00,1,
2016-01-03,10,14,3.6,DIEGO,2016-01-03 10:00:00,4,
2016-01-06,20,21,10.5,ROBERTO,2016-01-06 20:00:00,1,
2016-01-09,10,12,5.3,MIGUEL,2016-01-09 10:00:00,2,
2016-01-10,12,15,15.03,MIGUEL,2016-01-10 12:00:00,3,
2016-01-12,8,11,3.7,DIEGO,2016-01-12 08:00:00,3,
2016-01-13,6,9,2.8,DIEGO,2016-01-13 06:00:00,3,
2016-01-15,12,14,1.6,DIEGO,2016-01-15 12:00:00,2,
2016-01-26,12,12,5.8,JUAN,2016-01-26 12:00:00,0,
2016-01-28,14,15,1.8,JUAN,2016-01-28 14:00:00,1,
2016-01-29,8,9,0.4,JUAN,2016-01-29 08:00:00,1,
2016-01-31,15,18,7.2,DIEGO,2016-01-31 15:00:00,3,
2016-02-01,9,13,0.7,DIEGO,2016-02-01 09:00:00,4,
2016-02-02,10,13,2.7,ROBERTO,2016-02-02 10:00:00,3,
2016-02-02,15,17,6.0,ROBERTO,2016-02-02 15:00:00,2,
2016-02-03,22,23,4.0,ROBERTO,2016-02-03 22:00:00,1,
2016-02-06,5,13,11.02,MIGUEL,2016-02-06 05:00:00,8,
2016-02-07,6,9,2.9,MIGUEL,2016-02-07 06:00:00,3,
2016-02-10,1,6,13.0,DIEGO,2016-02-10 01:00:00,5,
2016-02-16,13,15,13.0,MIGUEL,2016-02-16 13:00:00,2,
2016-02-19,14,16,10.0,MIGUEL,2016-02-19 14:00:00,2,
2016-02-22,13,16,7.2,ROBERTO,2016-02-22 13:00:00,3,
2016-02-23,0,3,3.6,JUAN,2016-02-23 00:00:00,3,
2016-02-24,11,12,3.9,JUAN,2016-02-24 11:00:00,1,
2016-02-24,16,23,10.0,JUAN,2016-02-24 16:00:00,7,
2016-02-25,10,12,7.6,JUAN,2016-02-25 10:00:00,2,
2016-02-25,16,19,7.8,JUAN,2016-02-25 16:00:00,3,
2016-02-26,6,9,3.2,JUAN,2016-02-26 06:00:00,3,
2016-03-08,11,14,6.5,DIEGO,2016-03-08 11:00:00,3,
2016-03-09,11,13,5.5,DIEGO,2016-03-09 11:00:00,2,
2016-03-22,13,13,3.2,JUAN,2016-03-22 13:00:00,0,
2016-04-04,8,10,1.4,MIGUEL,2016-04-04 08:00:00,2,
2016-04-06,12,14,3.0,DIEGO,2016-04-06 12:00:00,2,
2016-04-08,12,14,2.3,DIEGO,2016-04-08 12:00:00,2,
2016-04-09,14,17,3.8,MIGUEL,2016-04-09 14:00:00,3,
2016-04-12,13,15,5.0,DIEGO,2016-04-12 13:00:00,2,
2016-04-15,13,15,1.2,DIEGO,2016-04-15 13:00:00,2,
2016-04-19,9,13,1.1,MIGUEL,2016-04-19 09:00:00,4,
2016-04-19,21,23,3.8,MIGUEL,2016-04-19 21:00:00,2,
2016-04-22,11,14,1.2,MIGUEL,2016-04-22 11:00:00,3,
2016-06-28,13,15,6.0,ROBERTO,2016-06-28 13:00:00,2,
2016-06-29,1,2,3.2,ROBERTO,2016-06-29 01:00:00,1,
2016-08-10,2,6,3.2,FREDDY,2016-08-10 02:00:00,4,
2016-08-25,16,17,0.2,DIEGO,2016-08-25 16:00:00,1,
2016-08-27,7,8,0.3,ROBERTO,2016-08-27 07:00:00,1,
2016-09-04,21,23,0.6,DIEGO,2016-09-04 21:00:00,2,
2016-09-21,16,20,0.3,MILTON,2016-09-21 16:00:00,4,
2016-09-24,20,20,1.2,FILI  ,2016-09-24 20:00:00,0,
2016-09-30,4,7,0.2,MILTON,2016-09-30 04:00:00,3,
2016-10-10,11,13,1.4,DIEGO,2016-10-10 11:00:00,2,
2016-10-11,5,7,4.0,ROBERTO,2016-10-11 05:00:00,2,
2016-10-11,15,16,1.0,ROBERTO,2016-10-11 15:00:00,1,
2016-10-17,4,7,0.4,MILTON,2016-10-17 04:00:00,3,
2016-10-17,19,22,8.8,MILTON,2016-10-17 19:00:00,3,
2016-10-20,15,17,3.6,DIEGO,2016-10-20 15:00:00,2,
2016-10-20,20,23,2.6,DIEGO,2016-10-20 20:00:00,3,
2016-10-21,12,13,3.2,DIEGO,2016-10-21 12:00:00,1,
2016-10-25,15,17,3.0,NATALIO,2016-10-25 15:00:00,2,
2016-10-29,12,16,5.0,ROBERTO,2016-10-29 12:00:00,4,
2016-10-29,22,23,3.0,ROBERTO,2016-10-29 22:00:00,1,
2016-11-10,18,19,5.0,ROBERTO,2016-11-10 18:00:00,1,
2016-11-22,11,12,3.4,NATALIO,2016-11-22 11:00:00,1,
2016-11-23,13,13,2.4,NATALIO,2016-11-23 13:00:00,0,
2016-11-26,12,16,5.0,ROBERTO,2016-11-26 12:00:00,4,
2016-11-27,12,16,18.0,ROBERTO,2016-11-27 12:00:00,4,
2016-11-28,13,15,6.0,ROBERTO,2016-11-28 13:00:00,2,
2016-11-29,13,16,3.0,MILTON,2016-11-29 13:00:00,3,
2016-11-30,4,6,2.3,MILTON,2016-11-30 04:00:00,2,
2016-12-01,19,21,6.2,MILTON,2016-12-01 19:00:00,2,
2016-12-02,3,6,8.4,MILTON,2016-12-02 03:00:00,3,
2016-12-05,21_04122016,3,10.2,DIEGO,2016-12-04 21:00:00,6,
2016-12-09,4,6,8.0,NATALIO,2016-12-09 04:00:00,2,
2016-12-20,10,11,4.18,NATALIO,2016-12-20 10:00:00,1,
2016-12-27,15,17,3.0,IVAN,2016-12-27 15:00:00,2,
2016-12-30,12,14,7.4,DIEGO,2016-12-30 12:00:00,2,
2017-01-01,20,22,12.2,DIEGO,2017-01-01 20:00:00,2,
2017-01-06,4,6,3.0,ROBERTO,2017-01-06 04:00:00,2,
2017-01-07,19_06062017,9,22.5,NATALIO,2017-06-06 19:00:00,14,
2017-01-08,10,11,54.0,NATALIO,2017-01-08 10:00:00,1,
2017-01-09,15,17,6.4,NATALIO,2017-01-09 15:00:00,2,
2017-01-13,5,10,5.8,DIEGO,2017-01-13 05:00:00,5,
2017-01-14,5,8,2.8,IVAN,2017-01-14 05:00:00,3,
2017-01-16,5,8,11.0,IVAN,2017-01-16 05:00:00,3,
2017-01-17,5,6,9.0,NATALIO,2017-01-17 05:00:00,1,
2017-01-18,6,8,14.0,NATALIO,2017-01-18 06:00:00,2,
2017-01-23,15,16,10.0,DIEGO,2017-01-23 15:00:00,1,
2017-01-24,5,8,3.2,IVAN,2017-01-24 05:00:00,3,
2017-01-25,14,18,11.8,IVAN,2017-01-25 14:00:00,4,
2017-01-26,5,8,16.0,IVAN,2017-01-26 05:00:00,3,
2017-01-27,5,8,3.5,IVAN,2017-01-27 05:00:00,3,
2017-01-31,20,22,2.0,FILI,2017-01-31 20:00:00,2,
2017-02-01,20,21,2.0,FILI,2017-02-01 20:00:00,1,
2017-02-16,14,16,4.8,DIEGO,2017-02-16 14:00:00,2,
2017-02-17,10,11,6.5,FILI,2017-02-17 10:00:00,1,
2017-02-18,12,13,2.0,FILI,2017-02-18 12:00:00,1,
2017-02-19,7,9,2.7,FILI,2017-02-19 07:00:00,2,
2017-02-22,5,7,2.0,IVAN,2017-02-22 05:00:00,2,
2017-02-23,10,12,6.7,IVAN,2017-02-23 10:00:00,2,
2017-02-26,11,14,5.02,NATALIO,2017-02-26 11:00:00,3,
2017-02-27,16,18,23.02,NATALIO,2017-02-27 16:00:00,2,
2017-02-28,18,20,10.3,FILI,2017-02-28 18:00:00,2,
2017-03-01,19,22,0.3,FILI,2017-03-01 19:00:00,3,
2017-03-02,12,13,4.1,FILI,2017-03-02 12:00:00,1,
2017-03-02,15,16,6.2,FILI,2017-03-02 15:00:00,1,
2017-03-03,5,15,17.8,FILI,2017-03-03 05:00:00,10,
2017-03-06,10,14,6.0,DIEGO,2017-03-06 10:00:00,4,
2017-03-07,2,11,14.02,NATALIO,2017-03-07 02:00:00,9,
2017-03-08,18,19,0.2,NATALIO,2017-03-08 18:00:00,1,
2017-03-11,12,15,8.0,IVAN,2017-03-11 12:00:00,3,
2017-03-13,5,10,12.0,IVAN,2017-03-13 05:00:00,5,
2017-03-14,11,15,8.2,DIEGO,2017-03-14 11:00:00,4,
2017-03-15,11,18,19.8,DIEGO,2017-03-15 11:00:00,7,
2017-03-16,20_15032017,3,5.6,DIEGO,2017-03-15 20:00:00,7,
2017-03-16,19,23,2.4,DIEGO,2017-03-16 19:00:00,4,
2017-03-24,11,14,6.0,IVAN,2017-03-24 11:00:00,3,
2017-03-26,11,13,8.6,NATALIO,2017-03-26 11:00:00,2,
2017-03-27,17,19,9.0,NATALIO,2017-03-27 17:00:00,2,
2017-03-28,17,19,5.2,FILI,2017-03-28 17:00:00,2,
2017-03-29,5,9,14.0,FILI,2017-03-29 05:00:00,4,
2017-03-31,11,16,18.2,FILI,2017-03-31 11:00:00,5,
2017-04-01,11,15,5.2,DIEGO,2017-04-01 11:00:00,4,
2017-04-03,12,13,24.0,DIEGO,2017-04-03 12:00:00,1,
2017-04-09,3,7,7.8,IVAN,2017-04-09 03:00:00,4,
2017-04-10,11,15,7.4,IVAN,2017-04-10 11:00:00,4,
2017-04-24,13,15,3.4,NATALIO,2017-04-24 13:00:00,2,
2017-04-25,1,3,4.8,FILI,2017-04-25 01:00:00,2,
2017-04-28,19,20,0.8,DIEGO,2017-04-28 19:00:00,1,
2017-04-29,9,17,18.8,DIEGO,2017-04-29 09:00:00,8,
2017-05-10,12,15,9.0,DIEGO,2017-05-10 12:00:00,3,
2017-05-23,2,5,0.8,FILI,2017-05-23 02:00:00,3,
2017-05-23,14,17,0.2,FILI,2017-05-23 14:00:00,3,
2017-05-24,3,5,0.2,FILI,2017-05-24 03:00:00,2,
2017-05-24,16,18,0.3,FILI,2017-05-24 16:00:00,2,
2017-05-26,11,15,12.8,FILI,2017-05-26 11:00:00,4,
2017-05-28,0,3,13.6,DIEGO,2017-05-28 00:00:00,3,
2017-05-29,13,15,6.2,DIEGO,2017-05-29 13:00:00,2,
2017-06-30,16,16,1.4,NATALIO,2017-06-30 16:00:00,0,
2017-07-03,8,8,0.8,IVAN,2017-07-03 08:00:00,0,
2017-09-07,13,17,15.2,IVAN,2017-09-07 13:00:00,4,
2017-09-08,5,8,3.4,IVAN,2017-09-08 05:00:00,3,
2017-09-13,12,15,2.0,NATALIO,2017-09-13 12:00:00,3,
2017-09-14,21,23,10.4,NATALIO,2017-09-14 21:00:00,2,
2017-09-15,15,18,0.3,NATALIO,2017-09-15 15:00:00,3,
2017-09-18,2,5,7.0,IVAN,2017-09-18 02:00:00,3,
2017-09-23,2,4,4.8,NATALIO,2017-09-23 02:00:00,2,
2017-09-24,5,6,0.6,NATALIO,2017-09-24 05:00:00,1,
2017-09-27,3,5,3.2,IVAN,2017-09-27 03:00:00,2,
2017-09-28,4,8,3.0,IVAN,2017-09-28 04:00:00,4,
2017-10-11,11,13,1.4,DIEGO,2017-10-11 11:00:00,2,
2017-10-12,12,14,1.8,DIEGO,2017-10-12 12:00:00,2,
2017-10-13,23_12102017,4,15.6,DIEGO,2017-10-12 23:00:00,5,
2017-10-14,20,22,4.4,NATALIO,2017-10-14 20:00:00,2,
2017-10-15,19,20,7.0,NATALIO,2017-10-15 19:00:00,1,
2017-10-16,6,6,4.2,NATALIO,2017-10-16 06:00:00,0,
2017-10-17,0,6,13.2,IVAN,2017-10-17 00:00:00,6,
2017-10-18,11,18,23.0,IVAN,2017-10-18 11:00:00,7,
2017-10-23,23_22102017,1,2.0,DIEGO,2017-10-22 23:00:00,2,
2017-10-25,13,13,1.6,NATALIO,2017-10-25 13:00:00,0,
2017-10-26,12,12,1.0,NATALIO,2017-10-26 12:00:00,0,
2017-11-03,12,12,44.0,DIEGO,2017-11-03 12:00:00,0,
2017-11-04,15,16,16.0,NATALIO,2017-11-04 15:00:00,1,
2017-11-05,14,15,2.6,NATALIO,2017-11-05 14:00:00,1,
2017-11-11,7,11,3.8,DIEGO,2017-11-11 07:00:00,4,
2017-11-14,21,22,2.6,NATALIO,2017-11-14 21:00:00,1,
2017-11-15,14,14,2.0,NATALIO,2017-11-15 14:00:00,0,
2017-11-26,16,16,6.6,NATALIO,2017-11-26 16:00:00,0,
2017-11-28,9,11,2.5,IVAN,2017-11-28 09:00:00,2,
2017-11-29,1,5,16.8,IVAN,2017-11-29 01:00:00,4,
2017-12-03,13,17,13.4,DIEGO,2017-12-03 13:00:00,4,
2017-12-04,9,14,6.8,DIEGO,2017-12-04 09:00:00,5,
2017-12-05,21_04122017,4,12.0,NATALIO,2017-12-04 21:00:00,7,
2017-12-06,21,22,12.0,NATALIO,2017-12-06 21:00:00,1,
2017-12-07,20,21,8.0,NATALIO,2017-12-07 20:00:00,1,
2017-12-08,13,14,5.8,EDGAR,2017-12-08 13:00:00,1,
2017-12-08,16,18,3.4,EDGAR,2017-12-08 16:00:00,2,
2017-12-09,11,13,4.4,EDGAR,2017-12-09 11:00:00,2,
2017-12-09,17,18,0.1,EDGAR,2017-12-09 17:00:00,1,
2017-12-18,8,11,2.8,IVAN,2017-12-18 08:00:00,3,
2017-12-20,11,13,1.4,DIEGO,2017-12-20 11:00:00,2,
2017-12-20,16,21,4.0,DIEGO,2017-12-20 16:00:00,5,
2017-12-21,10,12,7.0,DIEGO,2017-12-21 10:00:00,2,
2017-12-21,15,19,4.0,DIEGO,2017-12-21 15:00:00,4,
2017-12-22,0,5,2.6,DIEGO,2017-12-22 00:00:00,5,
2017-12-22,18,20,1.6,DIEGO,2017-12-22 18:00:00,2,
2017-12-27,10,11,3.1,IVAN,2017-12-27 10:00:00,1,
2017-12-28,0,4,8.8,IVAN,2017-12-28 00:00:00,4,
2017-12-29,19,20,0.6,IVAN,2017-12-29 19:00:00,1,
2018-01-02,14,14,3.0,NATALIO,2018-01-02 14:00:00,0,
2018-01-03,4,5,4.4,NATALIO,2018-01-03 04:00:00,1,
2018-01-05,15,17,19.6,NATALIO,2018-01-05 15:00:00,2,
2018-01-09,11,13,18.0,EDWIN,2018-01-09 11:00:00,2,
2018-01-12,9,17,33.0,IVAN,2018-01-12 09:00:00,8,
2018-01-19,14,14,5.0,DIEGO,2018-01-19 14:00:00,0,
2018-01-20,16,17,5.5,NATALIO,2018-01-20 16:00:00,1,
2018-01-25,1,10,20.3,IVAN,2018-01-25 01:00:00,9,
2018-01-28,5,11,3.8,EDWIN,2018-01-28 05:00:00,6,
2018-01-28,20,23,6.2,EDWIN,2018-01-28 20:00:00,3,
2018-01-29,20,21,4.4,EDWIN,2018-01-29 20:00:00,1,
2018-01-30,15,16,4.0,NATALIO,2018-01-30 15:00:00,1,
2018-01-31,13,14,4.0,NATALIO,2018-01-31 13:00:00,1,
2018-02-01,19,21,3.0,NATALIO,2018-02-01 19:00:00,2,
2018-02-02,6,15,20.4,NATALIO,2018-02-02 06:00:00,9,
2018-02-03,19,21,8.2,DIEGO,2018-02-03 19:00:00,2,
2018-02-06,3,4,3.6,EDWIN,2018-02-06 03:00:00,1,
2018-02-07,3,9,8.6,EDWIN,2018-02-07 03:00:00,6,
2018-02-08,3,10,31.0,EDWIN,2018-02-08 03:00:00,7,
2018-02-09,2,3,2.0,EDWIN,2018-02-09 02:00:00,1,
2018-02-11,0,3,14.6,IVAN,2018-02-11 00:00:00,3,
2018-02-14,2,18,18.4,DIEGO,2018-02-14 02:00:00,16,
2018-02-16,15,15,5.0,NATALIO,2018-02-16 15:00:00,0,
2018-02-27,12,14,7.0,NATALIO,2018-02-27 12:00:00,2,
2018-03-05,8,11,2.2,DIEGO,2018-03-05 08:00:00,3,
2018-03-06,2,5,6.0,EDWIN,2018-03-06 02:00:00,3,
2018-03-06,16,18,3.8,EDWIN,2018-03-06 16:00:00,2,
2018-03-07,4,5,1.2,EDWIN,2018-03-07 04:00:00,1,
2018-03-08,3,5,8.4,EDWIN,2018-03-08 03:00:00,2,
2018-03-12,12,15,3.0,IVAN,2018-03-12 12:00:00,3,
2018-03-13,3,6,8.8,DIEGO,2018-03-13 03:00:00,3,
2018-03-14,3,11,10.6,DIEGO,2018-03-14 03:00:00,8,
2018-03-14,13,15,4.8,DIEGO,2018-03-14 13:00:00,2,
2018-03-15,1,4,1.6,DIEGO,2018-03-15 01:00:00,3,
2018-03-15,12,13,8.0,DIEGO,2018-03-15 12:00:00,1,
2018-03-16,18,20,3.0,NATALIO,2018-03-16 18:00:00,2,
2018-03-20,3,6,5.2,IVAN,2018-03-20 03:00:00,3,
2018-03-30,11,13,2.2,DIEGO,2018-03-30 11:00:00,2,
2018-03-31,1,3,1.0,DIEGO,2018-03-31 01:00:00,2,
2018-04-13,4,6,3.0,NATALIO,2018-04-13 04:00:00,2,
2018-04-26,13,15,14.6,NATALIO,2018-04-26 13:00:00,2,
2018-05-03,16,18,3.8,EDWIN,2018-05-03 16:00:00,2,
2018-05-07,1,3,4.8,IVAN,2018-05-07 01:00:00,2,
2018-06-03,2,8,11.6,IVAN,2018-06-03 02:00:00,6,
2018-06-06,0,4,2.0,DIEGO,2018-06-06 00:00:00,4,
2018-06-07,8,10,2.2,DIEGO,2018-06-07 08:00:00,2,
2018-06-08,19,21,1.3,NATALIO,2018-06-08 19:00:00,2,
2018-06-09,19,23,3.2,NATALIO,2018-06-09 19:00:00,4,
2018-06-10,17,23,11.0,NATALIO,2018-06-10 17:00:00,6,
2018-06-11,20,23,6.0,NATALIO,2018-06-11 20:00:00,3,
2018-07-14,19,20,3.2,EDWIN,2018-07-14 19:00:00,1,
2018-07-20,12,16,1.2,DIEGO,2018-07-20 12:00:00,4,
2018-07-21,9,12,2.2,DIEGO,2018-07-21 09:00:00,3,
2018-07-21,14,21,1.8,DIEGO,2018-07-21 14:00:00,7,
2018-07-23,16,17,2.0,DIEGO,2018-07-23 16:00:00,1,
2018-08-03,4,5,1.3,EDWIN,2018-08-03 04:00:00,1,
2018-08-04,21,21,3.2,EDWIN,2018-08-04 21:00:00,0,
2018-08-08,14,16,1.0,IVAN,2018-08-08 14:00:00,2,
2018-08-20,20,21,5.4,TITO,2018-08-20 20:00:00,1,
2018-08-28,3,4,0.8,DIEGO,2018-08-28 03:00:00,1,
2018-08-28,13,15,3.0,DIEGO,2018-08-28 13:00:00,2,
2018-09-16,0,5,4.0,DIEGO,2018-09-16 00:00:00,5,
2018-09-23,14,15,4.3,TITO,2018-09-23 14:00:00,1,
2018-09-24,12,13,7.2,TITO,2018-09-24 12:00:00,1,
2018-09-24,20,20,3.0,TITO,2018-09-24 20:00:00,0,
2018-10-03,8,9,3.0,DIEGO,2018-10-03 08:00:00,1,
2018-10-05,12,14,4.2,NATALIO,2018-10-05 12:00:00,2,
2018-10-06,20,22,10.8,NATALIO,2018-10-06 20:00:00,2,
2018-10-07,8,9,2.0,NATALIO,2018-10-07 08:00:00,1,
2018-10-11,6,11,4.2,TITO,2018-10-11 06:00:00,5,
2018-10-11,14,15,2.8,TITO,2018-10-11 14:00:00,1,
2018-10-13,4,4,3.0,EDWIN,2018-10-13 04:00:00,0,
2018-10-14,12,13,5.0,EDWIN,2018-10-14 12:00:00,1,
2018-10-14,16,17,1.2,EDWIN,2018-10-14 16:00:00,1,
2018-10-15,10,20,10.2,EDWIN,2018-10-15 10:00:00,10,
2018-10-17,16,19,8.2,IVAN,2018-10-17 16:00:00,3,
2018-10-19,4,5,3.2,DIEGO,2018-10-19 04:00:00,1,
2018-10-19,18,22,3.4,DIEGO,2018-10-19 18:00:00,4,
2018-10-22,20,21,6.5,DIEGO,2018-10-22 20:00:00,1,
2018-10-23,13,14,2.0,NATALIO,2018-10-23 13:00:00,1,
2018-10-24,13,14,14.3,NA ,2018-10-24 13:00:00,1,
2018-10-25,16,18,4.3,NATALIO,2018-10-25 16:00:00,2,
2018-10-25,19,22,2.0,NATALIO,2018-10-25 19:00:00,3,
2018-10-26,16,18,3.1,TITO,2018-10-26 16:00:00,2,
2018-11-01,2,2,1.8,IVAN,2018-11-01 02:00:00,0,
2018-11-04,11,12,2.2,IVAN,2018-11-04 11:00:00,1,
2018-11-12,14,16,7.2,NATALIO,2018-11-12 14:00:00,2,
2018-11-19,4,6,5.0,EDWIN,2018-11-19 04:00:00,2,
2018-11-19,22,23,10.0,EDWIN,2018-11-19 22:00:00,1,
2018-11-22,0,2,8.2,IVAN,2018-11-22 00:00:00,2,
2018-11-26,12,13,7.2,DIEGO,2018-11-26 12:00:00,1,
2018-11-28,12,14,7.8,NATALIO,2018-11-28 12:00:00,2,
2018-12-02,12,15,2.4,TITO,2018-12-02 12:00:00,3,
2018-12-03,4,6,1.0,TITO,2018-12-03 04:00:00,2,
2018-12-08,4,5,1.8,IVAN,2018-12-08 04:00:00,1,
2018-12-13,12,13,0.6,DIEGO,2018-12-13 12:00:00,1,
2018-12-16,14,15,6.0,NATALIO,2018-12-16 14:00:00,1,
2018-12-17,5,6,3.6,NATALIO,2018-12-17 05:00:00,1,
2018-12-17,10,14,6.9,NATALIO,2018-12-17 10:00:00,4,
2018-12-17,18,23,18.0,NATALIO,2018-12-17 18:00:00,5,
2018-12-18,6,8,0.6,TITO,2018-12-18 06:00:00,2,
2018-12-18,20,23,6.0,TITO,2018-12-18 20:00:00,3,
2018-12-19,13,14,2.8,TITO,2018-12-19 13:00:00,1,
2018-12-19,20,23,11.6,TITO,2018-12-19 20:00:00,3,
2018-12-21,11,15,11.6,EDWIN,2018-12-21 11:00:00,4,
2018-12-22,13,14,4.0,EDWIN,2018-12-22 13:00:00,1,
2018-12-23,11,11,4.2,EDWIN,2018-12-23 11:00:00,0,
2018-12-23,21,23,1.4,EDWIN,2018-12-23 21:00:00,2,
2018-12-28,13,17,7.4,DIEGO,2018-12-28 13:00:00,4,
2018-12-29,3,5,7.6,DIEGO,2018-12-29 03:00:00,2,
2018-12-30,9,13,7.2,DIEGO,2018-12-30 09:00:00,4,
2018-12-31,16,17,0.8,DIEGO,2018-12-31 16:00:00,1,
2019-01-03,4,4,1.2,NATALIO,2019-01-03 04:00:00,0,
2019-01-03,11,13,14.2,NATALIO,2019-01-03 11:00:00,2,
2019-01-03,19,1_04012019,31.2,TITO,2019-01-03 19:00:00,104012000,
2019-01-04,11,12,0.2,TITO,2019-01-04 11:00:00,1,
2019-01-05,1,7,7,TITO,2019-01-05 01:00:00,6,
2019-01-05,11,12,0.8,TITO,2019-01-05 11:00:00,1,
2019-01-05,14,15,5,TITO,2019-01-05 14:00:00,1,
2019-01-06,22_05012019,2,5.6,TITO,2019-01-05 22:00:00,4,
2019-01-09,12,13,7.8,EDWIN,2019-01-09 12:00:00,1,
2019-01-11,14,15,3,IVAN,2019-01-11 14:00:00,1,
2019-01-13,12,14,6,IVAN,2019-01-13 12:00:00,2,
2019-01-16,2,4,2.8,DIEGO,2019-01-16 02:00:00,2,
2019-01-16,16,18,1.8,DIEGO,2019-01-16 16:00:00,2,
2019-01-18,6,7,0.4,NATALIO,2019-01-18 06:00:00,1,
2019-01-19,5,7,9,NATALIO,2019-01-19 05:00:00,2,
2019-01-22,11,13,1.4,TITO,2019-01-22 11:00:00,2,
2019-01-23,15,16,2,TITO,2019-01-23 15:00:00,1,
2019-01-25,3,5,6.2,EDWIN,2019-01-25 03:00:00,2,
2019-01-27,4,5,2,EDWIN,2019-01-27 04:00:00,1,
2019-01-28,8,14,12.8,EDWIN,2019-01-28 08:00:00,6,
2019-01-28,16,18,0,EDWIN,2019-01-28 16:00:00,2,
2019-01-28,21,23,0,IVAN,2019-01-28 21:00:00,2,
2019-01-31,1,1,3.2,IVAN,2019-01-31 01:00:00,0,
2019-02-01,12,18,9.4,DIEGO,2019-02-01 12:00:00,6,
2019-02-02,3,8,12.2,DIEGO,2019-02-02 03:00:00,5,
2019-02-05,2,3,2.2,NATALIO,2019-02-05 02:00:00,1,
2019-02-06,13,14,9,NATALIO,2019-02-06 13:00:00,1,
2019-02-09,20,21,4.2,TITO,2019-02-09 20:00:00,1,
2019-02-11,22_10022019,2,6.6,TITO,2019-02-10 22:00:00,4,
2019-02-12,12,14,4,EDWIN,2019-02-12 12:00:00,2,
2019-02-13,5,13,10.8,EDWIN,2019-02-13 05:00:00,8,
2019-02-15,14,15,6.6,IVAN,2019-02-15 14:00:00,1,
2019-02-17,15,19,14.8,IVAN,2019-02-17 15:00:00,4,
2019-02-24,2,2,2.6,NATALIO,2019-02-24 02:00:00,0,
2019-02-26,17,19,3.6,TITO,2019-02-26 17:00:00,2,
2019-02-27,12,16,6.2,TITO,2019-02-27 12:00:00,4,
2019-03-01,12,14,2.4,EDWIN,2019-03-01 12:00:00,2,
2019-03-11,16,16,0.8,NATALIO,2019-03-11 16:00:00,0,
2019-03-12,12,14,4.8,NATALIO,2019-03-12 12:00:00,2,
2019-03-14,13,15,6.2,NATALIO,2019-03-14 13:00:00,2,
2019-03-16,11,12,1,TITO,2019-03-16 11:00:00,1,
2019-03-17,0,3,8,TITO,2019-03-17 00:00:00,3,
2019-03-18,15,16,2,EDWIN,2019-03-18 15:00:00,1,
2019-03-19,16,17,2.2,EDWIN,2019-03-19 16:00:00,1,
2019-03-20,16,19,6.6,EDWIN,2019-03-20 16:00:00,3,
2019-03-21,11,13,11.6,EDWIN,2019-03-21 11:00:00,2,
2019-03-25,11,15,7,IVAN,2019-03-25 11:00:00,4,
2019-03-26,12,15,3.8,DIEGO,2019-03-26 12:00:00,3,
2019-03-30,4,4,10,NATALIO,2019-03-30 04:00:00,0,
2019-04-01,3,4,7.4,NATALIO,2019-04-01 03:00:00,1,
2019-04-01,11,12,4.2,NATALIO,2019-04-01 11:00:00,1,
2019-04-01,13,14,1.2,NATALIO,2019-04-01 13:00:00,1,
2019-04-02,23_01042019,1,2,TITO,2019-04-01 23:00:00,2,
2019-04-03,22_02042019,2,8.2,TITO,2019-04-02 22:00:00,4,
2019-04-03,13,14,3.2,TITO,2019-04-03 13:00:00,1,
2019-04-04,23_03042019,2,2.4,TITO,2019-04-03 23:00:00,3,
2019-04-15,15,15,0.8,EDWIN,2019-04-15 15:00:00,0,
2019-04-19,11,12,1,TITO,2019-04-19 11:00:00,1,
2019-04-20,14,15,5.8,TITO,2019-04-20 14:00:00,1,
2019-04-21,18,18,2,TITO,2019-04-21 18:00:00,0,
2019-04-26,1,3,6,IVAN,2019-04-26 01:00:00,2,
2019-05-07,14,15,6.4,TITO,2019-05-07 14:00:00,1,
2019-05-08,14,15,2,TITO,2019-05-08 14:00:00,1,
2019-05-09,13,15,1.4,TITO,2019-05-09 13:00:00,2,
2019-05-12,11,13,3.6,DIEGO,2019-05-12 11:00:00,2,
2019-05-13,20_12052019,2,3.8,DIEGO,2019-05-12 20:00:00,6,
2019-05-13,15,16,1,DIEGO,2019-05-13 15:00:00,1,
2019-07-18,0,8,4.2,NATALIO,2019-07-18 00:00:00,8,
2019-07-18,10,11,1,NATALIO,2019-07-18 10:00:00,1,
2019-07-19,11,12,0.6,TITO,2019-07-19 11:00:00,1,
2019-07-20,23_19072019,3,8.4,TITO,2019-07-19 23:00:00,4,
2019-07-20,18,21,1.8,TITO,2019-07-20 18:00:00,3,
2019-08-25,4,5,0.1,NATALIO,2019-08-25 04:00:00,1,
2019-08-27,14,16,0.6,DIEGO,2019-08-27 14:00:00,2,
2019-09-05,13,15,2,NATALIO,2019-09-05 13:00:00,2,
2019-09-06,1,3,1.4,TITO,2019-09-06 01:00:00,2,
2019-09-06,20,22,4.8,TITO,2019-09-06 20:00:00,2,
2019-09-07,12,16,3.6,TITO,2019-09-07 12:00:00,4,
2019-09-08,20,23,2,TITO,2019-09-08 20:00:00,3,
2019-09-10,12,13,1.6,EDWIN,2019-09-10 12:00:00,1,
2019-09-11,3,4,2.4,EDWIN,2019-09-11 03:00:00,1,
2019-09-12,2,3,0.8,EDWIN,2019-09-12 02:00:00,1,
2019-09-12,11,11,TR,DIEGO,2019-09-12 11:00:00,0,
2019-09-13,12,15,1.4,DIEGO,2019-09-13 12:00:00,3,
2019-09-14,13,15,4,DIEGO,2019-09-14 13:00:00,2,
2020-01-09,12,14,0.7,JOAQUIN ,2020-01-09 12:00:00,2,
2020-01-11,2,2,0.8,"EDWIN
",2020-01-11 02:00:00,0,
2020-01-11,10,11,6.2,"EDWIN
",2020-01-11 10:00:00,1,
2020-01-11,15,16,4.4,"EDWIN
",2020-01-11 15:00:00,1,
2020-01-12,10,11,2,"EDWIN
",2020-01-12 10:00:00,1,
2020-01-13,2,10,9.4,IVAN,2020-01-13 02:00:00,8,
2020-01-14,3,6,6.8,IVAN,2020-01-14 03:00:00,3,
2020-01-20,12,13,3.4,"DIEGO
",2020-01-20 12:00:00,1,
2020-01-21,2,2,0.4,NATALIO,2020-01-21 02:00:00,0,
2020-01-22,5,8,7.2,NATALIO,2020-01-22 05:00:00,3,
2020-01-22,12,13,1,NATALIO,2020-01-22 12:00:00,1,
2020-01-22,21,22,4.4,NATALIO,2020-01-22 21:00:00,1,
2020-01-24,6,7,0.5,JOAQUIN ,2020-01-24 06:00:00,1,
2020-01-26,21,22,1,JOAQUIN ,2020-01-26 21:00:00,1,
2020-01-27,12,15,8.2,JOAQUIN,2020-01-27 12:00:00,3,
2020-01-29,14,15,0.8,"EDWIN
",2020-01-29 14:00:00,1,
2020-01-30,11,13,2,"EDWIN
",2020-01-30 11:00:00,2,
2020-01-30,15,17,3,IVAN,2020-01-30 15:00:00,2,
2020-01-31,13,16,8.8,IVAN,2020-01-31 13:00:00,3,
2020-02-02,13,15,2.6,IVAN,2020-02-02 13:00:00,2,
2020-02-03,11,14,12.6,"DIEGO
",2020-02-03 11:00:00,3,
2020-02-03,16,18,3.8,"DIEGO
",2020-02-03 16:00:00,2,
2020-02-04,11,15,3.4,"DIEGO
",2020-02-04 11:00:00,4,
2020-02-05,7,12,18.2,"DIEGO
",2020-02-05 07:00:00,5,
2020-02-06,16,18,8,NATALIO,2020-02-06 16:00:00,2,
2020-02-07,2,4,17.2,NATALIO,2020-02-07 02:00:00,2,
2020-02-08,3,5,10,NATALIO,2020-02-08 03:00:00,2,
2020-02-09,2,6,14.2,NATALIO,2020-02-09 02:00:00,4,
2020-02-10,0,4,10.8,NATALIO,2020-02-10 00:00:00,4,
2020-02-10,11,14,2.4,JOAQUIN ,2020-02-10 11:00:00,3,
2020-02-11,2,5,4,JOAQUIN ,2020-02-11 02:00:00,3,
2020-02-12,2,5,2.2,JOAQUIN,2020-02-12 02:00:00,3,
2020-02-13,2,4,3.2,JOAQUIN,2020-02-13 02:00:00,2,
2020-02-17,12,14,25.6,IVAN,2020-02-17 12:00:00,2,
2020-02-20,7,14,8.8,"DIEGO
",2020-02-20 07:00:00,7,
2020-02-22,6,8,2.8,"DIEGO
",2020-02-22 06:00:00,2,
2020-02-23,20,23,4.8,"DIEGO
",2020-02-23 20:00:00,3,
2020-02-24,13,14,4.3,NATALIO,2020-02-24 13:00:00,1,
2020-02-25,13,14,2.1,NATALIO,2020-02-25 13:00:00,1,
2020-02-26,15,15,13,NATALIO,2020-02-26 15:00:00,0,
2020-02-28,14,16,3.8,JOAQUIN,2020-02-28 14:00:00,2,
2020-03-01,20,21,3.2,JOAQUIN,2020-03-01 20:00:00,1,
2020-03-02,14,15,16.4,JOAQUIN,2020-03-02 14:00:00,1,
2020-03-05,5,5,"""insuficiente""",EDWIN,2020-03-05 05:00:00,0,
2020-03-13,1,4,12.4,NATALIO,2020-03-13 01:00:00,3,
2020-03-14,3,4,4.4,NATALIO,2020-03-14 03:00:00,1,
2020-03-15,0,1,12.4,NATALIO,2020-03-15 00:00:00,1,
2020-03-15,16,16,2,NATALIO,2020-03-15 16:00:00,0,
2020-03-16,16,17,2.2,JOAQUIN,2020-03-16 16:00:00,1,
2020-03-17,10,12,4.6,JOAQUIN,2020-03-17 10:00:00,2,
2020-03-19,13,14,5.2,JOAQUIN,2020-03-19 13:00:00,1,
2020-03-20,13,14,8,EDWIN,2020-03-20 13:00:00,1,
2020-03-21,14,16,5.2,EDWIN,2020-03-21 14:00:00,2,
2020-09-27,10,10,0.3,EDWIN,2020-09-27 10:00:00,0,
2020-09-29,13,14,1.6,JOAQUIN,2020-09-29 13:00:00,1,
2020-10-03,10,11,5.1,NATALIO,2020-10-03 10:00:00,1,
2020-10-10,10,11,0.4,EDWIN,2020-10-10 10:00:00,1,
2020-10-15,12,13,2.2,IVAN,2020-10-15 12:00:00,1,
2020-10-16,12,14,2.3,JOAQUIN,2020-10-16 12:00:00,2,
2020-10-17,11,15,17.2,JOAQUIN,2020-10-17 11:00:00,4,
2020-10-18,17,19,8,JOAQUIN,2020-10-18 17:00:00,2,
2020-10-22,6,7,0.2,NATALIO,2020-10-22 06:00:00,1,
2020-10-23,0,3,5.8,IVAN,2020-10-23 00:00:00,3,
2020-11-08,20,20,0.6,DIEGO,2020-11-08 20:00:00,0,
2020-11-09,14,18,11.6,DIEGO,2020-11-09 14:00:00,4,
2020-11-26,11,12,2,IVAN,2020-11-26 11:00:00,1,
2020-11-27,20,22,2,JOAQUIN,2020-11-27 20:00:00,2,
2020-11-29,6,10,6.2,JOAQUIN,2020-11-29 06:00:00,4,
2020-12-01,0,4,24.4,NATALIO,2020-12-01 00:00:00,4,
2020-12-05,4,6,6.4,JOAQUIN,2020-12-05 04:00:00,2,
2020-12-05,15,16,2,JOAQUIN,2020-12-05 15:00:00,1,
2020-12-05,23,23,0,JOAQUIN,2020-12-05 23:00:00,0,
2020-12-06,0,2,2.6,JOAQUIN,2020-12-06 00:00:00,2,
2020-12-06,12,14,0.5,JOAQUIN,2020-12-06 12:00:00,2,
2020-12-07,13,15,2,EDWIN,2020-12-07 13:00:00,2,
2020-12-09,16,16,0.6,EDWIN,2020-12-09 16:00:00,0,
2020-12-10,13,14,1.6,IVAN,2020-12-10 13:00:00,1,
2020-12-12,18,20,1.2,IVAN,2020-12-12 18:00:00,2,
2020-12-19,18,19,0.3,NATALIO,2020-12-19 18:00:00,1,
2020-12-20,10,13,5,NATALIO,2020-12-20 10:00:00,3,
2020-12-21,13,15,2,JOAQUIN,2020-12-21 13:00:00,2,
2020-12-22,3,6,9.8,JOAQUIN,2020-12-22 03:00:00,3,
2020-12-26,0,8,16,EDWIN,2020-12-26 00:00:00,8,
2020-12-26,14,15,3.8,EDWIN,2020-12-26 14:00:00,1,
2020-12-27,0,2,6.4,EDWIN,2020-12-27 00:00:00,2,
2020-12-27,13,16,3,EDWIN,2020-12-27 13:00:00,3,
2021-01-02,6,14,2.8,DIEGO,2021-01-02 06:00:00,8,2.6
2021-01-04,0,2,7.4,DIEGO,2021-01-04 00:00:00,2,7.5
2021-01-04,21,22,0.5,NATALIO,2021-01-04 21:00:00,1,1.0
2021-01-06,12,13,2.1,NATALIO,2021-01-06 12:00:00,1,3.1
2021-01-07,5,6,1.6,NATALIO,2021-01-07 05:00:00,1,1.5
2021-01-07,13,16,2.6,JOAQUIN,2021-01-07 13:00:00,3,2.6
2021-01-07,20,23,2,JOAQUIN,2021-01-07 20:00:00,3,2.0
2021-01-08,7,12,4.8,JOAQUIN,2021-01-08 07:00:00,5,4.4
2021-01-08,21,23,2,JOAQUIN,2021-01-08 21:00:00,2,2.0
2021-01-11,12,14,5.2,JOAQUIN,2021-01-11 12:00:00,2,5.0
2021-01-13,5,13,10.6,EDWIN,2021-01-13 05:00:00,8,10.4
2021-01-15,13,15,6.6,NATALIO,2021-01-15 13:00:00,2,
2021-01-16,4,7,2.6,NATALIO,2021-01-16 04:00:00,3,2.7
2021-01-16,16,19,8.1,NATALIO,2021-01-16 16:00:00,3,7.1
2021-01-18,4,7,18.4,JOAQUIN,2021-01-18 04:00:00,3,18.5
2021-01-18,13,18,4.6,JOAQUIN,2021-01-18 13:00:00,5,
2021-01-19,13,14,3.6,JOAQUIN,2021-01-19 13:00:00,1,3.8
2021-01-20,11,13,4.6,JOAQUIN,2021-01-20 11:00:00,2,4.4
2021-01-24,11,14,1,EDWIN,2021-01-24 11:00:00,3,0.7
2021-01-25,2,4,3.4,EDWIN,2021-01-25 02:00:00,2,3.5
2021-01-28,13,14,6.1,NATALIO,2021-01-28 13:00:00,1,4.2
2021-01-30,11,11,0.4,NATALIO,2021-01-30 11:00:00,0,0.5
2021-02-02,0,3,2.4,JOAQUIN,2021-02-02 00:00:00,3,
2021-02-03,3,10,15.6,JOAQUIN,2021-02-03 03:00:00,7,
2021-02-03,13,15,1,JOAQUIN,2021-02-03 13:00:00,2,
2021-02-04,10,15,2,JOAQUIN,2021-02-04 10:00:00,5,
2021-02-05,12,15,6,EDWIN,2021-02-05 12:00:00,3,
2021-02-07,15,15,0.8,EDWIN,2021-02-07 15:00:00,0,
2021-02-09,19,21,8.4,IVAN,2021-02-09 19:00:00,2,
2021-02-12,15,16,4.8,JOAQUIN,2021-02-12 15:00:00,1,
2021-02-13,12,13,12.2,JOAQUIN,2021-02-13 12:00:00,1,
2021-02-13,17,21,7.6,JOAQUIN,2021-02-13 17:00:00,4,
2021-02-15,12,20,14,EDWIN,2021-02-15 12:00:00,8,
2021-02-17,6,14,9,EDWIN,2021-02-17 06:00:00,8,
2021-02-17,17,21,2,EDWIN,2021-02-17 17:00:00,4,
2021-02-18,17,20,1.8,IVAN,2021-02-18 17:00:00,3,
2021-02-19,17,19,1,IVAN,2021-02-19 17:00:00,2,
2021-02-20,4,7,2.8,IVAN,2021-02-20 04:00:00,3,
2021-02-24,14,14,1,JOAQUIN,2021-02-24 14:00:00,0,
2021-02-28,0,4,8.2,EDWIN,2021-02-28 00:00:00,4,
2021-03-02,8,10,1.5,IVAN,2021-03-02 08:00:00,2,1.4
2021-03-03,0,3,4.2,IVAN,2021-03-03 00:00:00,3,4.5
2021-03-05,10,13,2.6,JOAQUIN,2021-03-05 10:00:00,3,2.4
2021-03-06,3,5,0.8,JOAQUIN,2021-03-06 03:00:00,2,0.7
2021-03-06,8,11,0.8,JOAQUIN,2021-03-06 08:00:00,3,0.6
2021-03-08,18,22,11.2,EDWIN,2021-03-08 18:00:00,4,11.0
2021-03-15,3,6,5,JOAQUIN,2021-03-15 03:00:00,3,5.8
2021-03-15,12,13,8.2,JOAQUIN,2021-03-15 12:00:00,1,8.0
2021-03-16,16,18,5.4,JOAQUIN,2021-03-16 16:00:00,2,5.1
2021-03-18,4,7,8.6,EDWIN,2021-03-18 04:00:00,3,8.2
2021-03-20,12,13,2.2,EDWIN,2021-03-20 12:00:00,1,2.0
2021-03-22,6,8,1.2,IVAN,2021-03-22 06:00:00,2,1.0
2021-03-24,1,4,7,IVAN,2021-03-24 01:00:00,3,3.4
2021-03-25,11,15,11.8,JOAQUIN,2021-03-25 11:00:00,4,11.4
2021-03-27,12,15,6.4,JOAQUIN,2021-03-27 12:00:00,3,5.7
2021-03-28,11,14,3,JOAQUIN,2021-03-28 11:00:00,3,2.6
2021-03-29,11,17,13,EDWIN,2021-03-29 11:00:00,6,13.2
2021-03-30,13,14,2.4,EDWIN,2021-03-30 13:00:00,1,2.6
2021-03-31,15,18,8.2,EDWIN,2021-03-31 15:00:00,3,8.6
2021-04-01,1,2,2.4,IVAN,2021-04-01 01:00:00,1,
2021-04-01,13,17,8.1,IVAN,2021-04-01 13:00:00,4,
2021-04-05,12,16,12.2,JOAQUIN,2021-04-05 12:00:00,4,
2021-04-05,19,21,1.1,JOAQUIN,2021-04-05 19:00:00,2,
2021-04-10,12,14,8.4,EDWIN,2021-04-10 12:00:00,2,
2021-04-12,1,2,3.2,IVAN,2021-04-12 01:00:00,1,
2021-04-13,15,17,12,IVAN,2021-04-13 15:00:00,2,
2021-04-14,15,18,13.2,IVAN,2021-04-14 15:00:00,3,
2021-05-06,15,18,2.4,TITO,2021-05-06 15:00:00,3,
2021-05-14,20,20,1.8,IVAN,2021-05-14 20:00:00,0,
2021-05-25,15,16,5.8,IVAN,2021-05-25 15:00:00,1,
2021-06-05,1,3,1.4,IVAN,2021-06-05 01:00:00,2,
2021-06-27,21,22,1.4,IVAN,2021-06-27 21:00:00,1,
2021-07-24,15,16,1.2,EDWIN,2021-07-24 15:00:00,1,
2021-08-03,21,22,1.2,EDWIN,2021-08-03 21:00:00,1,
2021-08-04,20,21,1.2,EDWIN,2021-08-04 20:00:00,1,
2021-09-03,15,17,2,EDWIN,2021-09-03 15:00:00,2,
2021-09-09,11,13,8.6,TITO,2021-09-09 11:00:00,2,
2021-09-10,0,1,0.8,TITO,2021-09-10 00:00:00,1,
2021-09-15,7,14,2.6,EDWIN,2021-09-15 07:00:00,7,
2021-09-17,13,14,3.8,IVAN,2021-09-17 13:00:00,1,
2021-09-19,18,19,0,IVAN,2021-09-19 18:00:00,1,
2021-09-21,15,16,0.4,TITO,2021-09-21 15:00:00,1,
2021-09-22,2,3,1.1,TITO,2021-09-22 02:00:00,1,
2021-09-22,16,19,7.6,TITO,2021-09-22 16:00:00,3,
2021-09-23,9,14,3,TITO,2021-09-23 09:00:00,5,
2021-09-24,12,14,4.8,EDWIN,2021-09-24 12:00:00,2,
2021-09-25,12,13,0.6,EDWIN,2021-09-25 12:00:00,1,
2021-10-04,14,15,3.2,EDWIN,2021-10-04 14:00:00,1,
2021-10-05,11,12,1,EDWIN,2021-10-05 11:00:00,1,
2021-10-06,11,13,4.2,EDWIN,2021-10-06 11:00:00,2,
2021-10-06,15,16,3.6,EDWIN,2021-10-06 15:00:00,1,
2021-10-07,10,12,2.8,IVAN,2021-10-07 10:00:00,2,
2021-10-09,2,3,2.6,IVAN,2021-10-09 02:00:00,1,
2021-10-28,20,21,7.6,TITO,2021-10-28 20:00:00,1,
2021-10-31,2,3,0.8,TITO,2021-10-31 02:00:00,1,
2021-11-01,9,14,1.4,HUGO,2021-11-01 09:00:00,5,
2021-11-02,3,4,0.2,HUGO,2021-11-02 03:00:00,1,
2021-11-02,10,15,2.4,HUGO,2021-11-02 10:00:00,5,
2021-11-03,10,13,3.8,HUGO,2021-11-03 10:00:00,3,3.6
2021-11-09,14,15,0.8,TITO,2021-11-09 14:00:00,1,0.6
2021-11-09,19,19,0.6,TITO,2021-11-09 19:00:00,0,0.4
2021-11-11,20,21,1.2,EDWIN,2021-11-11 20:00:00,1,1.5
2021-11-13,10,15,3.4,EDWIN,2021-11-13 10:00:00,5,3.6
2021-11-13,21,22,1.4,EDWIN,2021-11-13 21:00:00,1,1.6
2021-11-15,15,17,3.8,IVAN,2021-11-15 15:00:00,2,4.3
2021-11-18,4,6,4.4,HUGO,2021-11-18 04:00:00,2,3.6
2021-11-19,11,13,4.2,HUGO,2021-11-19 11:00:00,2,4.3
2021-11-23,14,16,4.6,EDWIN,2021-11-23 14:00:00,2,4.5
2021-11-24,13,14,2.4,EDWIN,2021-11-24 13:00:00,1,2.4
2021-11-24,21,23,3.8,EDWIN,2021-11-24 21:00:00,2,4.0
2021-11-25,12,13,0.2,TITO,2021-11-25 12:00:00,1,0.3
2021-11-25,22,23,0,TITO,2021-11-25 22:00:00,1,0.0
2021-11-26,0,8,11.2,TITO,2021-11-26 00:00:00,8,10.7
2021-11-26,10,13,1.4,TITO,2021-11-26 10:00:00,3,1.5
2021-11-27,0,3,3.2,TITO,2021-11-27 00:00:00,3,2.5
2021-11-27,18,19,3,TITO,2021-11-27 18:00:00,1,2.9
2021-11-28,11,13,2.2,TITO,2021-11-28 11:00:00,2,2.1
2021-11-29,2,6,8.8,HUGO,2021-11-29 02:00:00,4,8.6
2021-11-29,8,15,5,HUGO,2021-11-29 08:00:00,7,5.0
2021-11-30,11,12,1.6,HUGO,2021-11-30 11:00:00,1,1.7
2021-12-02,7,10,0.6,IVAN,2021-12-02 07:00:00,3,0.4
2021-12-03,7,8,-,IVAN,2021-12-03 07:00:00,1,0.0
2021-12-04,4,6,6.6,IVAN,2021-12-04 04:00:00,2,6.9
2021-12-05,4,7,10.6,IVAN,2021-12-05 04:00:00,3,10.8
2021-12-06,5,7,1.4,IVAN,2021-12-06 05:00:00,2,1.2
2021-12-06,11,15,3,TITO,2021-12-06 11:00:00,4,2.9
2021-12-07,10,13,12.2,TITO,2021-12-07 10:00:00,3,12.4
2021-12-08,1,3,1.1,TITO,2021-12-08 01:00:00,2,1.0
2021-12-09,0,3,2,EDWIN,2021-12-09 00:00:00,3,1.5
2021-12-10,13,15,2.6,EDWIN,2021-12-10 13:00:00,2,2.8
2021-12-14,12,14,6.6,IVAN,2021-12-14 12:00:00,2,8.8
2021-12-15,5,7,-,IVAN,2021-12-15 05:00:00,2,0.0
2021-12-16,0,8,9,HUGO,2021-12-16 00:00:00,8,10.1
2021-12-16,10,14,5,HUGO,2021-12-16 10:00:00,4,4.8
2021-12-17,11,23,20.8,HUGO,2021-12-17 11:00:00,12,20.2
2021-12-18,18,21,2.2,HUGO,2021-12-18 18:00:00,3,2.1
2021-12-20,6,17,12.2,EDWIN,2021-12-20 06:00:00,11,12.2
2021-12-21,2,15,11.6,EDWIN,2021-12-21 02:00:00,13,11.8
2021-12-22,5,8,1,EDWIN,2021-12-22 05:00:00,3,1.0
2021-12-23,6,8,2.6,TITO,2021-12-23 06:00:00,2,3.0
2021-12-23,10,13,3.8,TITO,2021-12-23 10:00:00,3,3.5
2021-12-24,10,14,8.2,TITO,2021-12-24 10:00:00,4,8.2
2021-12-25,0,2,2,TITO,2021-12-25 00:00:00,2,1.8
2021-12-26,10,16,10.2,TITO,2021-12-26 10:00:00,6,10.0
2021-12-27,0,3,2.2,HUGO,2021-12-27 00:00:00,3,2.2
2021-12-29,14,18,2.8,HUGO,2021-12-29 14:00:00,4,2.4
2022-01-04,15.0,16.0,0.8,TITO,2022-01-04 15:00:00,1,0.7
2022-01-08,20.0,23.0,2.0,EDWIN,2022-01-08 20:00:00,3,2.0
2022-01-11,4.0,6.0,5.2,IVAN,2022-01-11 04:00:00,2,6.4
2022-01-14,13.0,16.0,2.8,HUGO,2022-01-14 13:00:00,3,3.0
2022-01-15,14.0,16.0,4.2,HUGO,2022-01-15 14:00:00,2,4.2
2022-01-16,11.0,14.0,18.0,HUGO,2022-01-16 11:00:00,3,19.1
2022-01-17,13.0,15.0,1.6,EDWIN,2022-01-17 13:00:00,2,1.8
2022-01-18,4.0,9.0,4.8,EDWIN,2022-01-18 04:00:00,5,4.8
2022-01-20,1.0,2.0,5.6,TITO,2022-01-20 01:00:00,1,5.4
2022-01-20,16.0,17.0,1.0,TITO,2022-01-20 16:00:00,1,0.9
2022-01-21,0.0,3.0,2.0,TITO,2022-01-21 00:00:00,3,1.7
2022-01-22,11.0,14.0,10.6,TITO,2022-01-22 11:00:00,3,
2022-01-23,1.0,3.0,1.2,TITO,2022-01-23 01:00:00,2,1.2
2022-01-24,3.0,7.0,3.8,HUGO,2022-01-24 03:00:00,4,3.8
2022-01-24,9.0,10.0,0.0,HUGO,2022-01-24 09:00:00,1,
2022-01-27,15.0,18.0,8.8,IVAN,2022-01-27 15:00:00,3,10.7
2022-01-29,3.0,8.0,18.2,IVAN,2022-01-29 03:00:00,5,18.9
2022-01-31,12.0,13.0,1.6,TITO,2022-01-31 12:00:00,1,1.4
2022-02-01,3.0,6.0,1.4,TITO,2022-02-01 03:00:00,3,1.0
2022-02-02,10.0,15.0,3.2,TITO,2022-02-02 10:00:00,5,3.0
2022-02-03,12.0,20.0,15.6,EDWIN,2022-02-03 12:00:00,8,15.4
2022-02-04,11.0,16.0,7.0,EDWIN,2022-02-04 11:00:00,5,6.8
2022-02-04,19.0,21.0,1.5,EDWIN,2022-02-04 19:00:00,2,1.8
2022-02-05,16.0,21.0,2.4,EDWIN,2022-02-05 16:00:00,5,2.5
2022-02-07,10.0,13.0,7.2,IVAN,2022-02-07 10:00:00,3,7.3
2022-02-10,11.0,13.0,0.0,HUGO,2022-02-10 11:00:00,2,0.0
2022-02-11,11.0,16.0,7.5,HUGO,2022-02-11 11:00:00,5,7.0
2022-02-12,7.0,14.0,8.0,HUGO,2022-02-12 07:00:00,7,8.0
2022-02-15,1.0,8.0,8.6,EDWIN,2022-02-15 01:00:00,7,8.2
2022-02-16,3.0,12.0,9.2,EDWIN,2022-02-16 03:00:00,9,9.5
2022-02-16,18.0,21.0,4.0,EDWIN,2022-02-16 18:00:00,3,4.2
2022-02-17,11.0,13.0,0.4,TITO,2022-02-17 11:00:00,2,0.4
2022-02-18,3.0,9.0,9.0,TITO,2022-02-18 03:00:00,6,9.6
2022-02-19,19.0,23.0,6.8,TITO,2022-02-19 19:00:00,4,6.2
2022-02-21,11.0,16.0,8.2,HUGO,2022-02-21 11:00:00,5,8.1
2022-02-22,13.0,16.0,2.6,HUGO,2022-02-22 13:00:00,3,2.3
2022-02-25,3.0,7.0,3.8,IVAN,2022-02-25 03:00:00,4,4.5
2022-02-26,2.0,8.0,14.0,IVAN,2022-02-26 02:00:00,6,14.7
2022-03-01,2.0,5.0,11.6,TITO,2022-03-01 02:00:00,3,10.3
2022-03-01,11.0,13.0,2.2,TITO,2022-03-01 11:00:00,2,2.2
2022-03-03,12.0,13.0,4.0,EDWIN,2022-03-03 12:00:00,1,4.0
2022-03-04,0.0,5.0,6.8,EDWIN,2022-03-04 00:00:00,5,7.0
2022-03-08,3.0,6.0,7.8,IVAN,2022-03-08 03:00:00,3,8.6
2022-03-10,12.0,14.0,0.3,HUGO,2022-03-10 12:00:00,2,0.4
2022-03-11,1.0,5.0,8.8,HUGO,2022-03-11 01:00:00,4,9.0
2022-03-11,12.0,14.0,0.4,HUGO,2022-03-11 12:00:00,2,0.4
2022-03-12,14.0,18.0,0.0,HUGO,2022-03-12 14:00:00,4,0.0
2022-03-13,11.0,15.0,8.8,HUGO,2022-03-13 11:00:00,4,9.0
2022-03-14,11.0,13.0,10.2,EDWIN,2022-03-14 11:00:00,2,10.5
2022-03-14,17.0,23.0,12.6,EDWIN,2022-03-14 17:00:00,6,12.4
2022-03-16,2.0,6.0,2.6,EDWIN,2022-03-16 02:00:00,4,2.4
2022-03-16,14.0,17.0,4.2,EDWIN,2022-03-16 14:00:00,3,4.0
2022-03-17,12.0,15.0,8.2,TITO,2022-03-17 12:00:00,3,8.5
2022-03-19,13.0,16.0,7.0,TITO,2022-03-19 13:00:00,3,6.6
2022-03-21,11.0,16.0,7.8,HUGO,2022-03-21 11:00:00,5,7.7
2022-03-22,14.0,14.0,0.0,HUGO,2022-03-22 14:00:00,0,0.0
2022-03-27,1.0,5.0,9.2,IVAN,2022-03-27 01:00:00,4,9.8
2022-03-28,10.0,13.0,1.4,TITO,2022-03-28 10:00:00,3,1.4
2022-04-02,18.0,22.0,4.2,EDWIN,2022-04-02 18:00:00,4,4.0
2022-04-03,2.0,9.0,6.2,EDWIN,2022-04-03 02:00:00,7,
2022-04-03,20.0,21.0,1.0,EDWIN,2022-04-03 20:00:00,1,1.0
2022-04-05,1.0,4.0,5.8,IVAN,2022-04-05 01:00:00,3,6.0
2022-04-06,18.0,20.0,5.6,IVAN,2022-04-06 18:00:00,2,5.5
2022-04-07,17.0,18.0,1.8,HUGO,2022-04-07 17:00:00,1,
2022-04-10,12.0,15.0,6.8,HUGO,2022-04-10 12:00:00,3,6.8
2022-05-10,5.0,7.0,1.2,EDWIN,2022-05-10 05:00:00,2,1.0
2022-06-04,13.0,15.0,6.0,HUGO,2022-06-04 13:00:00,2,6.1
2022-06-06,4.0,4.0,0.3,EDWIN,2022-06-06 04:00:00,0,0.3
2022-06-21,1.0,3.0,0.8,TITO,2022-06-21 01:00:00,2,0.8
2022-08-03,0.0,3.0,0.8,TITO,2022-08-03 00:00:00,3,0.6
2022-08-08,1.0,3.0,3.0,CRISTIAN,2022-08-08 01:00:00,2,3.0
2022-09-01,0.0,2.0,2.8,TITO,2022-09-01 00:00:00,2,3.0
2022-09-15,1.0,4.0,2.8,IVAN,2022-09-15 01:00:00,3,2.4
2022-09-24,20.0,23.0,3.6,TITO,2022-09-24 20:00:00,3,3.5
2022-10-15,13.0,14.0,2.0,TITO,2022-10-15 13:00:00,1,1.9
2022-10-17,7.0,9.0,0.8,CRISTIAN,2022-10-17 07:00:00,2,0.6
2022-11-09,19.0,21.0,0.5,IVAN,2022-11-09 19:00:00,2,0.7
2022-11-19,20.0,22.0,0.4,IVAN,2022-11-19 20:00:00,2,0.8
2022-11-25,0.0,3.0,4.0,TITO,2022-11-25 00:00:00,3,3.8
2022-11-28,22.0,23.0,3.2,CRISTIAN,2022-11-28 22:00:00,1,0.0
2022-12-04,17.0,18.0,0.3,EDWIN,2022-12-04 17:00:00,1,0.4
2022-12-06,9.0,11.0,0.6,JAVIER,2022-12-06 09:00:00,2,0.8
2022-12-07,3.0,7.0,2.8,JAVIER,2022-12-07 03:00:00,4,3.9
2022-12-10,18.0,22.0,1.0,IVAN,2022-12-10 18:00:00,4,2.2
2022-12-11,20.0,23.0,0.0,IVAN,2022-12-11 20:00:00,3,0.0
2022-12-14,22.0,23.0,0.0,CRISTIAN,2022-12-14 22:00:00,1,0.0
2022-12-15,0.0,7.0,3.9,TITO,2022-12-15 00:00:00,7,22.7
2022-12-16,0.0,4.0,10.2,TITO,2022-12-16 00:00:00,4,6.5
2022-12-17,13.0,15.0,1.2,TITO,2022-12-17 13:00:00,2,1.3
2022-12-18,12.0,14.0,4.6,TITO,2022-12-18 12:00:00,2,4.4
2022-12-20,1.0,3.0,0.5,JAVIER,2022-12-20 01:00:00,2,0.5
2022-12-20,17.0,19.0,3.0,JAVIER,2022-12-20 17:00:00,2,2.8
2022-12-21,2.0,3.0,0.2,JAVIER,2022-12-21 02:00:00,1,0.2
2022-12-22,1.0,5.0,10.0,EDWIN,2022-12-22 01:00:00,4,10.0
2022-12-26,15.0,17.0,0.8,TITO,2022-12-26 15:00:00,2,0.7
2022-12-27,18.0,22.0,6.2,TITO,2022-12-27 18:00:00,4,6.5
2022-12-29,1.0,2.0,1.2,JAVIER,2022-12-29 01:00:00,1,0.85
2022-12-30,3.0,4.0,0.1,JAVIER,2022-12-30 03:00:00,1,0.2
2022-12-31,9.0,12.0,2.6,JAVIER,2022-12-31 09:00:00,3,2.6
2023-01-01,3,6.0,0.4,JAVIER,2023-01-01 03:00:00,3,0.8
2023-01-01,12,13.0,0.6,JAVIER,2023-01-01 12:00:00,1,0.65
2023-01-02,2,7.0,12.2,JAVIER,2023-01-02 02:00:00,5,12.5
2023-01-03,11,12.0,6.0,EDWIN,2023-01-03 11:00:00,1,6.5
2023-01-05,4,7.0,4.2,EDWIN,2023-01-05 04:00:00,3,4.5
2023-01-05,9,14.0,3.0,EDWIN,2023-01-05 09:00:00,5,4.6
2023-01-07,14,16.0,2.5,IVAN,2023-01-07 14:00:00,2,3.5
2023-01-09,22,23.0,0.0,JAVIER,2023-01-09 22:00:00,1,0.0
2023-01-10,0,1.0,4.9,JAVIER,2023-01-10 00:00:00,1,4.9
2023-01-19,4,6.0,7.2,IVAN,2023-01-19 04:00:00,2,7.0
2023-01-19,10,12.0,2.0,IVAN,2023-01-19 10:00:00,2,1.7
2023-01-22,10,11.0,1.8,EDWIN,2023-01-22 10:00:00,1,1.8
2023-01-23,5,6.0,1.4,TITO,2023-01-23 05:00:00,1,1.4
2023-01-24,16,17.0,1.4,TITO,2023-01-24 16:00:00,1,1.3
2023-01-25,0,4.0,3.4,TITO,2023-01-25 00:00:00,4,3.2
2023-01-25,15,16.0,1.6,TITO,2023-01-25 15:00:00,1,1.4
2023-01-27,1,4.0,2.6,JAVIER,2023-01-27 01:00:00,3,2.5
2023-01-28,3,9.0,6.6,JAVIER,2023-01-28 03:00:00,6,6.4
2023-01-29,0,3.0,7.0,JAVIER,2023-01-29 00:00:00,3,5.4
2023-01-30,0,3.0,5.4,EDWIN,2023-01-30 00:00:00,3,5.5
2023-01-31,16,17.0,1.6,EDWIN,2023-01-31 16:00:00,1,1.7
2023-02-01,0,10.0,33.2,EDWIN,2023-02-01 00:00:00,10,30.2
2023-02-03,0,5.0,10.0,IVAN,2023-02-03 00:00:00,5,10.5
2023-02-04,21,23.0,0.0,IVAN,2023-02-04 21:00:00,2,0.0
2023-02-05,0,1.0,8.0,IVAN,2023-02-05 00:00:00,1,8.5
2023-02-06,11,16.0,9.6,JAVIER,2023-02-06 11:00:00,5,7.8
2023-02-07,3,6.0,2.4,JAVIER,2023-02-07 03:00:00,3,2.7
2023-02-08,3,5.0,7.0,JAVIER,2023-02-08 03:00:00,2,7.4
2023-02-08,13,16.0,5.2,JAVIER,2023-02-08 13:00:00,3,6.1
2023-02-09,11,12.0,0.6,EDGAR,2023-02-09 11:00:00,1,0.5
2023-02-10,11,12.0,1.2,EDGAR,2023-02-10 11:00:00,1,1.3
2023-02-11,11,12.0,0.2,EDGAR,2023-02-11 11:00:00,1,0.2
2023-02-12,1,2.0,3.0,EDGAR,2023-02-12 01:00:00,1,2.8
2023-02-12,12,15.0,2.0,EDGAR,2023-02-12 12:00:00,3,2.0
2023-02-15,11,13.0,8.5,HUGO,2023-02-15 11:00:00,2,8.8
2023-02-15,22,23.0,2.0,HUGO,2023-02-15 22:00:00,1,2.1
2023-02-17,3,4.0,0.0,NATALIO,2023-02-17 03:00:00,1,
2023-02-18,4,4.0,1.0,NATALIO,2023-02-18 04:00:00,0,1.0
2023-02-20,11,12.0,3.4,TITO,2023-02-20 11:00:00,1,2.9
2023-02-21,14,15.0,1.9,TITO,2023-02-21 14:00:00,1,1.6
2023-02-22,11,13.0,20.6,TITO,2023-02-22 11:00:00,2,20.9
2023-03-08,5,6.0,0.6,EDGAR,2023-03-08 05:00:00,1,0.6
2023-03-09,6,12.0,2.1,HUGO,2023-03-09 06:00:00,6,2.0
2023-03-11,4,6.0,2.3,HUGO,2023-03-11 04:00:00,2,2.3
2023-03-15,3,4.0,3.2,NATALIO,2023-03-15 03:00:00,1,3.5
2023-03-16,12,15.0,2.8,TITO,2023-03-16 12:00:00,3,2.8
2023-03-17,11,15.0,1.2,TITO,2023-03-17 11:00:00,4,1.0
2023-03-18,6,12.0,3.2,TITO,2023-03-18 06:00:00,6,3.1
2023-03-20,2,6.0,4.0,EDWIN,2023-03-20 02:00:00,4,4.2
2023-03-20,13,16.0,4.4,EDWIN,2023-03-20 13:00:00,3,4.2
2023-03-21,13,14.0,1.2,EDWIN,2023-03-21 13:00:00,1,1.2
2023-03-27,14,16.0,8.8,JAVIER,2023-03-27 14:00:00,2,7.5
2023-03-28,11,14.0,1.6,JAVIER,2023-03-28 11:00:00,3,1.6
2023-03-29,10,13.0,7.8,JAVIER,2023-03-29 10:00:00,3,7.5
2023-03-30,1,4.0,2.8,EDGAR,2023-03-30 01:00:00,3,2.6
2023-03-30,11,12.0,0.6,EDGAR,2023-03-30 11:00:00,1,0.5
2023-03-31,3,6.0,0.8,EDGAR,2023-03-31 03:00:00,3,0.8
2023-03-31,10,13.0,0.4,EDGAR,2023-03-31 10:00:00,3,0.4
2023-04-01,4,7.0,2.6,EDGAR,2023-04-01 04:00:00,3,1.8
2023-04-01,13,16.0,3.4,EDGAR,2023-04-01 13:00:00,3,3.5
2023-04-05,0,1.0,5.2,HUGO,2023-04-05 00:00:00,1,
2023-04-07,14,15.0,4.4,NATALIO,2023-04-07 14:00:00,1,4.3
2023-04-09,12,18.0,3.2,NATALIO,2023-04-09 12:00:00,6,3.9
2023-05-02,16,16.0,4.3,NATALIO,2023-05-02 16:00:00,0,4.3
2023-05-04,14,14.0,0.4,NATALIO,2023-05-04 14:00:00,0,0.5
2023-05-05,2,7.0,2.6,TITO,2023-05-05 02:00:00,5,2.5
2023-05-05,10,17.0,12.2,TITO,2023-05-05 10:00:00,7,12.4
2023-05-06,20_05052023,4.0,14.6,TITO,2023-05-05 20:00:00,8,14.4
2023-05-07,21_05062023,3.0,3.2,TITO,2023-06-05 21:00:00,6,
2023-05-09,1,2.0,5.4,EDWIN,2023-05-09 01:00:00,1,5.5
2023-05-29,4,5.0,1.4,TITO,2023-05-29 04:00:00,1,1.5
2023-07-29,18,23.0,1.8,JAVIER,2023-07-29 18:00:00,5,1.7
2023-07-30,0,3.0,1.8,JAVIER,2023-07-30 00:00:00,3,
2023-08-05,13,15.0,2.3,HUGO,2023-08-05 13:00:00,2,2.5
2023-08-13,2,8.0,5.2,NATALIO,2023-08-13 02:00:00,6,4.6
2023-09-05,14,15.0,2.0,NATALIO,2023-09-05 14:00:00,1,3.5
2023-09-06,10,12.0,4.0,NATALIO,2023-09-06 10:00:00,2,3.0
2023-09-07,2,4.0,2.5,NATALIO,2023-09-07 02:00:00,2,3.0
2023-09-19,13,15.0,1.4,EDGAR,2023-09-19 13:00:00,2,1.2
2023-09-20,14,15.0,0.2,EDGAR,2023-09-20 14:00:00,1,0.2
2023-10-01,13,13.0,2.2,NATALIO,2023-10-01 13:00:00,0,2.2
2023-10-02,18,19.0,0.2,EDGAR,2023-10-02 18:00:00,1,0.2
2023-10-04,17,18.0,0.2,EDGAR,2023-10-04 17:00:00,1,0.2
2023-10-19,14,17.0,2.8,EDGAR,2023-10-19 14:00:00,3,2.2
2023-10-21,22_20102023,1.0,2.0,EDGAR,2023-10-20 22:00:00,3,1.6
2023-10-21,13,15.0,0.8,EDGAR,2023-10-21 13:00:00,2,0.8
2023-10-22,13,16.0,4.4,EDGAR,2023-10-22 13:00:00,3,4.4
2023-10-24,14,16.0,0.8,JAVIER,2023-10-24 14:00:00,2,0.8
2023-10-26,1,4.0,0.6,JAVIER,2023-10-26 01:00:00,3,0.6
2023-11-04,2,6.0,6.0,TITO,2023-11-04 02:00:00,4,5.2
2023-11-09,2,6.0,6.4,JAVIER,2023-11-09 02:00:00,4,6.0
2023-11-09,11,12.0,1.0,EDGAR,2023-11-09 11:00:00,1,1.0
2023-11-10,20,20.0,0.1,EDGAR,2023-11-10 20:00:00,0,0.1
2023-11-12,20,23.0,2.8,EDGAR,2023-11-12 20:00:00,3,3.0
2023-11-13,2,5.0,3.4,EDGAR,2023-11-13 02:00:00,3,3.5
2023-11-15,10,16.0,3.4,TITO,2023-11-15 10:00:00,6,2.2
2023-11-17,1,3.0,0.7,JAVIER,2023-11-17 01:00:00,2,0.7
2023-11-21,11,12.0,0.8,EDGAR,2023-11-21 11:00:00,1,0.8
2023-11-23,4,6.0,2.4,EDGAR,2023-11-23 04:00:00,2,2.3
2023-11-23,10,11.0,1.2,EDGAR,2023-11-23 10:00:00,1,1.1
2023-11-23,12,16.0,0.6,TITO,2023-11-23 12:00:00,4,0.4
2023-11-24,3,12.0,7.2,TITO,2023-11-24 03:00:00,9,7.4
2023-11-24,14,20.0,4.4,TITO,2023-11-24 14:00:00,6,4.3
2023-11-27,0,4.0,6.4,TITO,2023-11-27 00:00:00,4,6.6
2023-11-27,15,16.0,8.3,JAVIER,2023-11-27 15:00:00,1,8.2
2023-11-28,13,15.0,5.9,JAVIER,2023-11-28 13:00:00,2,6.0
2023-11-30,11,12.0,0.0,JAVIER,2023-11-30 11:00:00,1,
2023-12-01,5,9.0,3.2,EDGAR,2023-12-01 05:00:00,4,3.2
2023-12-01,13,15.0,2.8,EDGAR,2023-12-01 13:00:00,2,2.8
2023-12-02,18_01122023,4.0,18.0,EDGAR,2023-12-01 18:00:00,10,20.0
2023-12-02,11,13.0,2.4,EDGAR,2023-12-02 11:00:00,2,2.5
2023-12-02,15,15.0,2.4,EDGAR,2023-12-02 15:00:00,0,2.3
2023-12-03,3,4.0,1.4,EDGAR,2023-12-03 03:00:00,1,1.35
2023-12-03,10,12.0,1.1,EDGAR,2023-12-03 10:00:00,2,0.5
2023-12-04,11,14.0,3.6,TITO,2023-12-04 11:00:00,3,3.4
2023-12-05,3,8.0,5.8,TITO,2023-12-05 03:00:00,5,5.8
2023-12-08,4,8.0,3.8,JAVIER,2023-12-08 04:00:00,4,2.7
2023-12-11,3,7.0,15.8,EDGAR,2023-12-11 03:00:00,4,16.2
2023-12-14,15,17.0,4.4,TITO,2023-12-14 15:00:00,2,4.4
2023-12-15,3,6.0,11.8,TITO,2023-12-15 03:00:00,3,12.4
2023-12-15,13,15.0,2.4,TITO,2023-12-15 13:00:00,2,2.4
2023-12-16,10,14.0,4.5,TITO,2023-12-16 10:00:00,4,4.6
2023-12-17,21_16122023,2.0,8.0,TITO,2023-12-16 21:00:00,5,8.2
2023-12-17,13,15.0,3.2,TITO,2023-12-17 13:00:00,2,3.0
2023-12-20,19_19122023,2.0,9.9,JAVIER,2023-12-19 19:00:00,7,5.0
2023-12-26,7,13.0,1.6,TITO,2023-12-26 07:00:00,6,1.5
2023-12-28,11,12.0,0.2,BERNARDINO,2023-12-28 11:00:00,1,0.2
2023-12-29,11,16.0,3.2,BERNARDINO,2023-12-29 11:00:00,5,3.4
2023-12-30,13,14.0,0.8,BERNARDINO,2023-12-30 13:00:00,1,0.5
2023-12-31,19_30122023,6.0,11.0,BERNARDINO,2023-12-30 19:00:00,11,8.2
2024-01-03,12.0,14.0,1.8,PERCY,2024-01-03 12:00:00,2,1.6
2024-01-04,2.0,4.0,1.8,PERCY,2024-01-04 02:00:00,2,1.6
2024-01-04,14.0,15.0,0.8,TITO,2024-01-04 14:00:00,1,0.7
2024-01-05,0.0,4.0,12.6,TITO,2024-01-05 00:00:00,4,10.7
2024-01-12,3.0,6.0,2.4,JAVIER,2024-01-12 03:00:00,3,2.4
2024-01-15,3.0,11.0,16.2,BERNARDINO,2024-01-15 03:00:00,8,8.2
2024-01-17,15.0,16.0,4.6,BERNARDINO,2024-01-17 15:00:00,1,4.4
2024-01-19,8.0,9.0,0.8,TITO,2024-01-19 08:00:00,1,0.5
2024-01-20,5.0,9.0,8.6,TITO,2024-01-20 05:00:00,4,8.0
2024-01-22,6.0,7.0,0.8,TITO,2024-01-22 06:00:00,1,0.7
2024-01-23,14.0,17.0,8.7,JAVIER,2024-01-23 14:00:00,3,8.0
2024-01-24,12.0,16.0,9.3,JAVIER,2024-01-24 12:00:00,4,9.0
