fecha,observador,mult_obs
2015-09-01,MIGUEL,0
2015-09-02,MIGUEL,0
2015-09-03,MIGUEL,0
2015-09-04,ROBERTO,0
2015-09-05,ROBERTO,0
2015-09-06,ROBERTO,0
2015-09-07,JUAN,0
2015-09-08,JUAN,0
2015-09-09,JUAN,0
2015-09-10,JUAN,0
2015-09-11,DIEGO,0
2015-09-12,DIEGO,0
2015-09-13,DIEGO,0
2015-09-14,ROBERTO,0
2015-09-15,ROBERTO,0
2015-09-16,ROBERTO,0
2015-09-17,ROBERTO,0
2015-09-18,ROBERTO,0
2015-09-19,MIGUEL,0
2015-09-20,MIGUEL,0
2015-09-21,MIGUEL,0
2015-09-22,DIEGO,0
2015-09-23,DIEGO,0
2015-09-24,DIEGO,0
2015-09-25,DIEGO,0
2015-09-26,JUAN,0
2015-09-27,JUAN,0
2015-09-28,JUAN,0
2015-09-29,MIGUEL,0
2015-09-30,MIGUEL,0
2015-10-01,MIGUEL,0
2015-10-02,MIGUEL,0
2015-10-03,ROBERTO,0
2015-10-04,ROBERTO,0
2015-10-05,ROBERTO,0
2015-10-06,JUAN,0
2015-10-07,JUAN,0
2015-10-08,JUAN,0
2015-10-09,DIEGO,0
2015-10-10,DIEGO,0
2015-10-11,DIEGO,0
2015-10-12,DIEGO,0
2015-10-13,ROBERTO,0
2015-10-14,ROBERTO,0
2015-10-15,ROBERTO,0
2015-10-16,ROBERTO,0
2015-10-17,MIGUEL,0
2015-10-18,MIGUEL,0
2015-10-19,MIGUEL,0
2015-10-20,DIEGO,0
2015-10-21,DIEGO,0
2015-10-22,DIEGO,0
2015-10-23,JUAN,0
2015-10-24,JUAN,0
2015-10-25,JUAN,0
2015-10-26,MIGUEL,0
2015-10-27,MIGUEL,0
2015-10-28,MIGUEL,0
2015-10-29,MIGUEL,0
2015-10-30,MIGUEL,0
2015-10-31,ROBERTO,0
2015-11-01,ROBERTO,0
2015-11-02,ROBERTO,0
2015-11-03,ROBERTO,0
2015-11-04,JUAN,0
2015-11-05,JUAN,0
2015-11-06,DIEGO,0
2015-11-07,DIEGO,0
2015-11-08,DIEGO,0
2015-11-09,DIEGO,0
2015-11-10,ROBERTO,0
2015-11-11,ROBERTO,0
2015-11-12,ROBERTO,0
2015-11-13,ROBERTO,0
2015-11-14,MIGUEL,0
2015-11-15,MIGUEL,0
2015-11-16,MIGUEL,0
2015-11-17,DIEGO,0
2015-11-18,DIEGO,0
2015-11-19,DIEGO,0
2015-11-20,DIEGO,0
2015-11-21,JUAN,0
2015-11-22,JUAN,0
2015-11-23,JUAN,0
2015-11-24,MIGUEL,0
2015-11-25,MIGUEL,0
2015-11-26,MIGUEL,0
2015-11-27,MIGUEL,0
2015-11-28,ROBERTO,0
2015-11-29,ROBERTO,0
2015-11-30,JUAN,0
2015-12-01,JUAN,0
2015-12-02,JUAN,0
2015-12-03,JUAN,0
2015-12-04,DIEGO,0
2015-12-05,DIEGO,0
2015-12-06,,0
2015-12-07,ROBERTO,0
2015-12-08,ROBERTO,0
2015-12-09,ROBERTO,0
2015-12-10,ROBERTO,0
2015-12-11,ROBERTO,0
2015-12-12,MIGUEL,0
2015-12-13,MIGUEL,0
2015-12-14,MIGUEL,0
2015-12-15,DIEGO,0
2015-12-16,DIEGO,0
2015-12-17,DIEGO,0
2015-12-18,DIEGO,0
2015-12-19,JUAN,0
2015-12-20,JUAN,0
2015-12-21,MIGUEL,0
2015-12-22,MIGUEL,0
2015-12-23,MIGUEL,0
2015-12-24,MIGUEL,0
2015-12-25,ROBERTO,0
2015-12-26,ROBERTO,0
2015-12-27,ROBERTO,0
2015-12-28,ROBERTO,0
2015-12-29,JUAN,0
2015-12-30,JUAN,0
2015-12-31,DIEGO,0
2016-01-01,DIEGO,0
2016-01-02,DIEGO,0
2016-01-03,DIEGO,0
2016-01-04,DIEGO,0
2016-01-05,ROBERTO,0
2016-01-06,ROBERTO,0
2016-01-07,ROBERTO,0
2016-01-08,ROBERTO,0
2016-01-09,MIGUEL,0
2016-01-10,MIGUEL,0
2016-01-11,MIGUEL,0
2016-01-12,DIEGO,0
2016-01-13,DIEGO,0
2016-01-14,DIEGO,0
2016-01-15,DIEGO,0
2016-01-16,JUAN,0
2016-01-17,JUAN,0
2016-01-18,JUAN,0
2016-01-19,MIGUEL,0
2016-01-20,MIGUEL,0
2016-01-21,MIGUEL,0
2016-01-22,ROBERTO,0
2016-01-23,ROBERTO,0
2016-01-24,ROBERTO,0
2016-01-25,ROBERTO,0
2016-01-26,JUAN,0
2016-01-27,JUAN,0
2016-01-28,JUAN,0
2016-01-29,JUAN,0
2016-01-30,DIEGO,0
2016-01-31,DIEGO,0
2016-02-01,DIEGO,0
2016-02-02,ROBERTO,0
2016-02-03,ROBERTO,0
2016-02-04,ROBERTO,0
2016-02-05,ROBERTO,0
2016-02-06,MIGUEL,0
2016-02-07,MIGUEL,0
2016-02-08,MIGUEL,0
2016-02-09,DIEGO,0
2016-02-10,DIEGO,0
2016-02-11,DIEGO,0
2016-02-12,JUAN,0
2016-02-13,JUAN,0
2016-02-14,JUAN,0
2016-02-15,JUAN,0
2016-02-16,MIGUEL,0
2016-02-17,MIGUEL,0
2016-02-18,MIGUEL,0
2016-02-19,MIGUEL,0
2016-02-20,ROBERTO,0
2016-02-21,ROBERTO,0
2016-02-22,ROBERTO,0
2016-02-23,JUAN,0
2016-02-24,JUAN,0
2016-02-25,JUAN,0
2016-02-26,JUAN,0
2016-02-27,DIEGO,0
2016-02-28,DIEGO,0
2016-02-29,DIEGO,0
2016-03-01,ROBERTO,0
2016-03-02,ROBERTO,0
2016-03-03,ROBERTO,0
2016-03-04,ROBERTO,0
2016-03-05,MIGUEL,0
2016-03-06,MIGUEL,0
2016-03-07,MIGUEL,0
2016-03-08,DIEGO,0
2016-03-09,DIEGO,0
2016-03-10,,0
2016-03-11,DIEGO,0
2016-03-12,JUAN,0
2016-03-13,JUAN,0
2016-03-14,JUAN,0
2016-03-15,MIGUEL,0
2016-03-16,MIGUEL,0
2016-03-17,MIGUEL,0
2016-03-18,MIGUEL,0
2016-03-19,ROBERTO,0
2016-03-20,ROBERTO,0
2016-03-21,ROBERTO,0
2016-03-22,JUAN,0
2016-03-23,JUAN,0
2016-03-24,JUAN,0
2016-03-25,DIEGO,0
2016-03-26,DIEGO,0
2016-03-27,DIEGO,0
2016-03-28,DIEGO,0
2016-03-29,ROBERTO,0
2016-03-30,ROBERTO,0
2016-03-31,ROBERTO,0
2016-04-01,ROBERTO,0
2016-04-02,MIGUEL,0
2016-04-03,MIGUEL,0
2016-04-04,MIGUEL,0
2016-04-05,DIEGO,0
2016-04-06,DIEGO,0
2016-04-07,DIEGO,0
2016-04-08,DIEGO,0
2016-04-09,MIGUEL,0
2016-04-10,MIGUEL,0
2016-04-11,MIGUEL,0
2016-04-12,DIEGO,0
2016-04-13,DIEGO,0
2016-04-14,DIEGO,0
2016-04-15,DIEGO,0
2016-04-16,ROBERTO,0
2016-04-17,ROBERTO,0
2016-04-18,ROBERTO,0
2016-04-19,MIGUEL,0
2016-04-20,MIGUEL,0
2016-04-21,MIGUEL,0
2016-04-22,MIGUEL,0
2016-04-23,DIEGO,0
2016-04-24,DIEGO,0
2016-04-25,DIEGO,0
2016-04-26,ROBERTO,0
2016-04-27,ROBERTO,0
2016-04-28,ROBERTO,0
2016-04-29,ROBERTO,0
2016-04-30,MIGUEL,0
2016-05-01,MIGUEL,0
2016-05-02,MIGUEL,0
2016-05-03,MIGUEL,0
2016-05-04,DIEGO,0
2016-05-05,DIEGO,0
2016-05-06,DIEGO,0
2016-05-07,ROBERTO,0
2016-05-08,ROBERTO,0
2016-05-09,ROBERTO,0
2016-05-10,FILIBERTO,0
2016-05-11,FILIBERTO,0
2016-05-12,FILIBERTO,0
2016-05-13,FILIBERTO,0
2016-05-14,DIEGO,0
2016-05-15,DIEGO,0
2016-05-16,DIEGO,0
2016-05-17,ROBERTO,0
2016-05-18,ROBERTO,0
2016-05-19,ROBERTO,0
2016-05-20,ROBERTO,0
2016-05-21,FILIBERTO,0
2016-05-22,FILIBERTO,0
2016-05-23,FILIBERTO,0
2016-05-24,DIEGO,0
2016-05-25,DIEGO,0
2016-05-26,DIEGO,0
2016-05-27,DIEGO,0
2016-05-28,ROBERTO,0
2016-05-29,ROBERTO,0
2016-05-30,ROBERTO,0
2016-05-31,ROBERTO,0
2016-06-01,FREDDY,0
2016-06-02,FREDDY,0
2016-06-03,FREDDY,0
2016-06-04,DIEGO,0
2016-06-05,DIEGO,0
2016-06-06,ROBERTO,0
2016-06-07,ROBERTO,0
2016-06-08,ROBERTO,0
2016-06-09,ROBERTO,0
2016-06-10,ROBERTO,0
2016-06-11,FREDDY,0
2016-06-12,FREDDY,0
2016-06-13,DIEGO,0
2016-06-14,DIEGO,0
2016-06-15,DIEGO,0
2016-06-16,DIEGO,0
2016-06-17,DIEGO,0
2016-06-18,ROBERTO,0
2016-06-19,ROBERTO,0
2016-06-20,ROBERTO,0
2016-06-21,FREDDY,0
2016-06-22,FREDDY,0
2016-06-23,FREDDY,0
2016-06-24,DIEGO,0
2016-06-25,DIEGO,0
2016-06-26,DIEGO,0
2016-06-27,DIEGO,0
2016-06-28,ROBERTO,0
2016-06-29,ROBERTO,0
2016-06-30,ROBERTO,0
2016-07-01,ROBERTO,0
2016-07-02,JUAN,0
2016-07-03,JUAN,0
2016-07-04,JUAN,0
2016-07-05,ROBERTO,0
2016-07-06,ROBERTO,0
2016-07-07,ROBERTO,0
2016-07-08,ROBERTO,0
2016-07-09,ROBERTO,0
2016-07-10,ROBERTO,0
2016-07-11,ROBERTO,0
2016-07-12,JUAN,0
2016-07-13,JUAN,0
2016-07-14,JUAN,0
2016-07-15,JUAN,0
2016-07-16,DIEGO,0
2016-07-17,DIEGO,0
2016-07-18,DIEGO,0
2016-07-19,ROBERTO,0
2016-07-20,ROBERTO,0
2016-07-21,ROBERTO,0
2016-07-22,ROBERTO,0
2016-07-23,FILI  ,0
2016-07-24,FILI  ,0
2016-07-25,FILI  ,0
2016-07-26,DIEGO,0
2016-07-27,DIEGO,0
2016-07-28,DIEGO,0
2016-07-29,DIEGO,0
2016-07-30,ROBERTO,0
2016-07-31,ROBERTO,0
2016-08-01,ROBERTO,0
2016-08-02,FILI  ,0
2016-08-03,FILI  ,0
2016-08-04,FILI  ,0
2016-08-05,FILI  ,0
2016-08-06,ROBERTO,0
2016-08-07,ROBERTO,0
2016-08-08,ROBERTO,0
2016-08-09,FREDDY,0
2016-08-10,FREDDY,0
2016-08-11,FREDDY,0
2016-08-12,DIEGO,0
2016-08-13,DIEGO,0
2016-08-14,DIEGO,0
2016-08-15,DIEGO,0
2016-08-16,ROBERTO,0
2016-08-17,ROBERTO,0
2016-08-18,ROBERTO,0
2016-08-19,ROBERTO,0
2016-08-20,FILI  ,0
2016-08-21,FILI  ,0
2016-08-22,FILI  ,0
2016-08-23,DIEGO,0
2016-08-24,DIEGO,0
2016-08-25,DIEGO,0
2016-08-26,DIEGO,0
2016-08-27,ROBERTO,0
2016-08-28,ROBERTO,0
2016-08-29,ROBERTO,0
2016-08-30,FILI  ,0
2016-08-31,FILI  ,0
2016-09-01,FILI  ,0
2016-09-02,FILI  ,0
2016-09-03,DIEGO,0
2016-09-04,DIEGO,0
2016-09-05,DIEGO,0
2016-09-06,ROBERTO,0
2016-09-07,ROBERTO,0
2016-09-08,FREDDY,0
2016-09-09,FREDDY,0
2016-09-10,FREDDY,0
2016-09-11,FREDDY,0
2016-09-12,FREDDY,0
2016-09-13,DIEGO,0
2016-09-14,DIEGO,0
2016-09-15,DIEGO,0
2016-09-16,DIEGO,0
2016-09-17,ROBERTO,0
2016-09-18,ROBERTO,0
2016-09-19,ROBERTO,0
2016-09-20,MILTON,0
2016-09-21,MILTON,0
2016-09-22,MILTON,0
2016-09-23,MILTON,0
2016-09-24,FILI  ,0
2016-09-25,FILI  ,0
2016-09-26,FILI  ,0
2016-09-27,MILTON,0
2016-09-28,MILTON,0
2016-09-29,MILTON,0
2016-09-30,MILTON,0
2016-10-01,ROBERTO,0
2016-10-02,ROBERTO,0
2016-10-03,ROBERTO,0
2016-10-04,FILI  ,0
2016-10-05,FILI  ,0
2016-10-06,FILI  ,0
2016-10-07,FILI  ,0
2016-10-08,DIEGO,0
2016-10-09,DIEGO,0
2016-10-10,DIEGO,0
2016-10-11,ROBERTO,0
2016-10-12,ROBERTO,0
2016-10-13,ROBERTO,0
2016-10-14,ROBERTO,0
2016-10-15,MILTON,0
2016-10-16,MILTON,0
2016-10-17,MILTON,0
2016-10-18,DIEGO,0
2016-10-19,DIEGO,0
2016-10-20,DIEGO,0
2016-10-21,DIEGO,0
2016-10-22,FILI  ,0
2016-10-23,FILI  ,0
2016-10-24,FILI  ,0
2016-10-25,NATALIO,0
2016-10-26,NATALIO,0
2016-10-27,NATALIO,0
2016-10-28,NATALIO,0
2016-10-29,ROBERTO,0
2016-10-30,ROBERTO,0
2016-10-31,ROBERTO,0
2016-11-01,MILTON,0
2016-11-02,MILTON,0
2016-11-03,MILTON,0
2016-11-04,MILTON,0
2016-11-05,DIEGO,0
2016-11-06,DIEGO,0
2016-11-07,DIEGO,0
2016-11-08,ROBERTO,0
2016-11-09,ROBERTO,0
2016-11-10,ROBERTO,0
2016-11-11,ROBERTO,0
2016-11-12,NATALIO,0
2016-11-13,NATALIO,0
2016-11-14,NATALIO,0
2016-11-15,DIEGO,0
2016-11-16,DIEGO,0
2016-11-17,DIEGO,0
2016-11-18,DIEGO,0
2016-11-19,ROBERTO,0
2016-11-20,ROBERTO,0
2016-11-21,ROBERTO,0
2016-11-22,NATALIO,0
2016-11-23,NATALIO,0
2016-11-24,NATALIO,0
2016-11-25,ROBERTO,0
2016-11-26,ROBERTO,0
2016-11-27,ROBERTO,0
2016-11-28,ROBERTO,0
2016-11-29,MILTON,0
2016-11-30,MILTON,0
2016-12-01,MILTON,0
2016-12-02,MILTON,0
2016-12-03,DIEGO,0
2016-12-04,DIEGO,0
2016-12-05,DIEGO,0
2016-12-06,ROBERTO,0
2016-12-07,ROBERTO,0
2016-12-08,ROBERTO,0
2016-12-09,NATALIO,0
2016-12-10,NATALIO,0
2016-12-11,NATALIO,0
2016-12-12,NATALIO,0
2016-12-13,DIEGO,0
2016-12-14,DIEGO,0
2016-12-15,DIEGO,0
2016-12-16,DIEGO,0
2016-12-17,IVAN,0
2016-12-18,IVAN,0
2016-12-19,IVAN,0
2016-12-20,NATALIO,0
2016-12-21,NATALIO,0
2016-12-22,NATALIO,0
2016-12-23,NATALIO,0
2016-12-24,ROBERTO,0
2016-12-25,ROBERTO,0
2016-12-26,ROBERTO,0
2016-12-27,IVAN,0
2016-12-28,NA ,0
2016-12-29,NA ,0
2016-12-30,DIEGO,0
2016-12-31,DIEGO,0
2017-01-01,DIEGO,0
2017-01-02,ROBERTO,0
2017-01-03,ROBERTO,0
2017-01-04,ROBERTO,0
2017-01-05,ROBERTO,0
2017-01-06,ROBERTO,0
2017-01-07,NATALIO,0
2017-01-08,NATALIO,0
2017-01-09,NATALIO,0
2017-01-10,DIEGO,0
2017-01-11,DIEGO,0
2017-01-12,DIEGO,0
2017-01-13,DIEGO,0
2017-01-14,IVAN,0
2017-01-15,IVAN,0
2017-01-16,IVAN,0
2017-01-17,NATALIO,0
2017-01-18,NATALIO,0
2017-01-19,NATALIO,0
2017-01-20,NATALIO,0
2017-01-21,DIEGO,0
2017-01-22,DIEGO,0
2017-01-23,DIEGO,0
2017-01-24,IVAN,0
2017-01-25,IVAN,0
2017-01-26,IVAN,0
2017-01-27,IVAN,0
2017-01-28,NATALIO,0
2017-01-29,NATALIO,0
2017-01-30,NATALIO,0
2017-01-31,FILI,0
2017-02-01,FILI,0
2017-02-02,FILI,0
2017-02-03,FILI,0
2017-02-04,DIEGO,0
2017-02-05,DIEGO,0
2017-02-06,DIEGO,0
2017-02-07,NATALIO,0
2017-02-08,NATALIO,0
2017-02-09,NATALIO,0
2017-02-10,NATALIO,0
2017-02-11,,0
2017-02-12,NA ,0
2017-02-13,DIEGO,0
2017-02-14,DIEGO,0
2017-02-15,DIEGO,0
2017-02-16,DIEGO,0
2017-02-17,FILI,0
2017-02-18,FILI,0
2017-02-19,FILI,0
2017-02-20,FILI,0
2017-02-21,IVAN,0
2017-02-22,IVAN,0
2017-02-23,IVAN,0
2017-02-24,IVAN,0
2017-02-25,NATALIO,0
2017-02-26,NATALIO,0
2017-02-27,NATALIO,0
2017-02-28,FILI,0
2017-03-01,FILI,0
2017-03-02,FILI,0
2017-03-03,FILI,0
2017-03-04,DIEGO,0
2017-03-05,DIEGO,0
2017-03-06,DIEGO,0
2017-03-07,NATALIO,0
2017-03-08,NATALIO,0
2017-03-09,NATALIO,0
2017-03-10,NATALIO,0
2017-03-11,IVAN,0
2017-03-12,IVAN,0
2017-03-13,IVAN,0
2017-03-14,DIEGO,0
2017-03-15,DIEGO,0
2017-03-16,DIEGO,0
2017-03-17,DIEGO,0
2017-03-18,FILI,0
2017-03-19,FILI,0
2017-03-20,FILI,0
2017-03-21,IVAN,0
2017-03-22,IVAN,0
2017-03-23,IVAN,0
2017-03-24,IVAN,0
2017-03-25,NATALIO,0
2017-03-26,NATALIO,0
2017-03-27,NATALIO,0
2017-03-28,FILI,0
2017-03-29,FILI,0
2017-03-30,FILI,0
2017-03-31,FILI,0
2017-04-01,DIEGO,0
2017-04-02,DIEGO,0
2017-04-03,DIEGO,0
2017-04-04,NATALIO,0
2017-04-05,NATALIO,0
2017-04-06,NATALIO,0
2017-04-07,NATALIO,0
2017-04-08,IVAN,0
2017-04-09,IVAN,0
2017-04-10,IVAN,0
2017-04-11,DIEGO,0
2017-04-12,DIEGO,0
2017-04-13,DIEGO,0
2017-04-14,DIEGO,0
2017-04-15,FILI,0
2017-04-16,FILI,0
2017-04-17,FILI,0
2017-04-18,IVAN,0
2017-04-19,IVAN,0
2017-04-20,IVAN,0
2017-04-21,IVAN,0
2017-04-22,NATALIO,0
2017-04-23,NATALIO,0
2017-04-24,NATALIO,0
2017-04-25,FILI,0
2017-04-26,FILI,0
2017-04-27,FILI,0
2017-04-28,DIEGO,0
2017-04-29,DIEGO,0
2017-04-30,DIEGO,0
2017-05-01,DIEGO,0
2017-05-02,NATALIO,0
2017-05-03,NATALIO,0
2017-05-04,NATALIO,0
2017-05-05,NATALIO,0
2017-05-06,IVAN,0
2017-05-07,IVAN,0
2017-05-08,IVAN,0
2017-05-09,DIEGO,0
2017-05-10,DIEGO,0
2017-05-11,DIEGO,0
2017-05-12,DIEGO,0
2017-05-13,FILI,0
2017-05-14,FILI,0
2017-05-15,FILI,0
2017-05-16,IVAN,0
2017-05-17,IVAN,0
2017-05-18,IVAN,0
2017-05-19,IVAN,0
2017-05-20,NATALIO,0
2017-05-21,NATALIO,0
2017-05-22,NATALIO,0
2017-05-23,FILI,0
2017-05-24,FILI,0
2017-05-25,FILI,0
2017-05-26,FILI,0
2017-05-27,DIEGO,0
2017-05-28,DIEGO,0
2017-05-29,DIEGO,0
2017-05-30,NATALIO,0
2017-05-31,NATALIO,0
2017-06-01,NATALIO,0
2017-06-02,NATALIO,0
2017-06-03,IVAN,0
2017-06-04,IVAN,0
2017-06-05,IVAN,0
2017-06-06,DIEGO,0
2017-06-07,DIEGO,0
2017-06-08,DIEGO,0
2017-06-09,DIEGO,0
2017-06-10,FREDDY,0
2017-06-11,FREDDY,0
2017-06-12,FREDDY,0
2017-06-13,IVAN,0
2017-06-14,IVAN,0
2017-06-15,IVAN,0
2017-06-16,IVAN,0
2017-06-17,NATALIO,0
2017-06-18,NATALIO,0
2017-06-19,FREDDY,0
2017-06-20,FREDDY,0
2017-06-21,FREDDY,0
2017-06-22,FREDDY,0
2017-06-23,FREDDY,0
2017-06-24,DIEGO,0
2017-06-25,DIEGO,0
2017-06-26,DIEGO,0
2017-06-27,NATALIO,0
2017-06-28,NATALIO,0
2017-06-29,NATALIO,0
2017-06-30,NATALIO,0
2017-07-01,IVAN,0
2017-07-02,IVAN,0
2017-07-03,IVAN,0
2017-07-04,DIEGO,0
2017-07-05,DIEGO,0
2017-07-06,DIEGO,0
2017-07-07,DIEGO,0
2017-07-08,FREDDY,0
2017-07-09,FREDDY,0
2017-07-10,FREDDY,0
2017-07-11,IVAN,0
2017-07-12,IVAN,0
2017-07-13,IVAN,0
2017-07-14,IVAN,0
2017-07-15,NATALIO,0
2017-07-16,NATALIO,0
2017-07-17,FREDDY,0
2017-07-18,FREDDY,0
2017-07-19,FREDDY,0
2017-07-20,FREDDY,0
2017-07-21,FREDDY,0
2017-07-22,DIEGO,0
2017-07-23,DIEGO,0
2017-07-24,DIEGO,0
2017-07-25,NATALIO,0
2017-07-26,NATALIO,0
2017-07-27,NATALIO,0
2017-07-28,NATALIO,0
2017-07-29,IVAN,0
2017-07-30,IVAN,0
2017-07-31,IVAN,0
2017-08-01,DIEGO,0
2017-08-02,DIEGO,0
2017-08-03,DIEGO,0
2017-08-04,DIEGO,0
2017-08-05,IVAN,0
2017-08-06,IVAN,0
2017-08-07,IVAN,0
2017-08-08,FREDDY,0
2017-08-09,FREDDY,0
2017-08-10,FREDDY,0
2017-08-11,FREDDY,0
2017-08-12,NATALIO,0
2017-08-13,NATALIO,0
2017-08-14,NATALIO,0
2017-08-15,FREDDY,0
2017-08-16,FREDDY,0
2017-08-17,FREDDY,0
2017-08-18,FREDDY,0
2017-08-19,DIEGO,0
2017-08-20,DIEGO,0
2017-08-21,DIEGO,0
2017-08-22,NATALIO,0
2017-08-23,NATALIO,0
2017-08-24,NATALIO,0
2017-08-25,NATALIO,0
2017-08-26,IVAN,0
2017-08-27,IVAN,0
2017-08-28,IVAN,0
2017-08-29,NA ,0
2017-08-30,NA ,0
2017-08-31,NA ,0
2017-09-01,NA ,0
2017-09-02,NATALIO,0
2017-09-03,NATALIO,0
2017-09-04,NATALIO,0
2017-09-05,IVAN,0
2017-09-06,IVAN,0
2017-09-07,IVAN,0
2017-09-08,IVAN,0
2017-09-09,DIEGO,0
2017-09-10,DIEGO,0
2017-09-11,DIEGO,0
2017-09-12,NATALIO,0
2017-09-13,NATALIO,0
2017-09-14,NATALIO,0
2017-09-15,,1
2017-09-16,IVAN,0
2017-09-17,IVAN,0
2017-09-18,IVAN,0
2017-09-19,DIEGO,0
2017-09-20,DIEGO,0
2017-09-21,DIEGO,0
2017-09-22,DIEGO,0
2017-09-23,NATALIO,0
2017-09-24,NATALIO,0
2017-09-25,NATALIO,0
2017-09-26,IVAN,0
2017-09-27,IVAN,0
2017-09-28,IVAN,0
2017-09-29,IVAN,0
2017-09-30,DIEGO,0
2017-10-01,DIEGO,0
2017-10-02,NATALIO,0
2017-10-03,NATALIO,0
2017-10-04,NATALIO,0
2017-10-05,NA ,0
2017-10-06,NA ,0
2017-10-07,IVAN,0
2017-10-08,IVAN,0
2017-10-09,IVAN,0
2017-10-10,DIEGO,0
2017-10-11,DIEGO,0
2017-10-12,DIEGO,0
2017-10-13,DIEGO,0
2017-10-14,NATALIO,0
2017-10-15,NATALIO,0
2017-10-16,NATALIO,0
2017-10-17,IVAN,0
2017-10-18,IVAN,0
2017-10-19,IVAN,0
2017-10-20,IVAN,0
2017-10-21,DIEGO,0
2017-10-22,DIEGO,0
2017-10-23,DIEGO,0
2017-10-24,NATALIO,0
2017-10-25,NATALIO,0
2017-10-26,NATALIO,0
2017-10-27,NATALIO,0
2017-10-28,IVAN,0
2017-10-29,IVAN,0
2017-10-30,IVAN,0
2017-10-31,DIEGO,0
2017-11-01,DIEGO,0
2017-11-02,DIEGO,0
2017-11-03,DIEGO,0
2017-11-04,NATALIO,0
2017-11-05,NATALIO,0
2017-11-06,NATALIO,0
2017-11-07,IVAN,0
2017-11-08,IVAN,0
2017-11-09,IVAN,0
2017-11-10,IVAN,0
2017-11-11,DIEGO,0
2017-11-12,DIEGO,0
2017-11-13,DIEGO,0
2017-11-14,NATALIO,0
2017-11-15,NATALIO,0
2017-11-16,NATALIO,0
2017-11-17,NATALIO,0
2017-11-18,IVAN,0
2017-11-19,IVAN,0
2017-11-20,IVAN,0
2017-11-21,DIEGO,0
2017-11-22,DIEGO,0
2017-11-23,DIEGO,0
2017-11-24,DIEGO,0
2017-11-25,NATALIO,0
2017-11-26,NATALIO,0
2017-11-27,NATALIO,0
2017-11-28,IVAN,0
2017-11-29,IVAN,0
2017-11-30,IVAN,0
2017-12-01,IVAN,0
2017-12-02,DIEGO,0
2017-12-03,DIEGO,0
2017-12-04,DIEGO,0
2017-12-05,NATALIO,0
2017-12-06,NATALIO,0
2017-12-07,NATALIO,0
2017-12-08,EDGAR,0
2017-12-09,EDGAR,0
2017-12-10,EDGAR,0
2017-12-11,NATALIO,0
2017-12-12,NATALIO,0
2017-12-13,NATALIO,0
2017-12-14,NATALIO,0
2017-12-15,NATALIO,0
2017-12-16,IVAN,0
2017-12-17,IVAN,0
2017-12-18,IVAN,0
2017-12-19,DIEGO,0
2017-12-20,DIEGO,0
2017-12-21,DIEGO,0
2017-12-22,DIEGO,0
2017-12-23,EDWIN,0
2017-12-24,EDWIN,0
2017-12-25,IVAN,0
2017-12-26,IVAN,0
2017-12-27,IVAN,0
2017-12-28,IVAN,0
2017-12-29,IVAN,0
2017-12-30,EDWIN,0
2017-12-31,EDWIN,0
2018-01-01,NATALIO,0
2018-01-02,NATALIO,0
2018-01-03,NATALIO,0
2018-01-04,NATALIO,0
2018-01-05,NATALIO,0
2018-01-06,DIEGO,0
2018-01-07,DIEGO,0
2018-01-08,DIEGO,0
2018-01-09,EDWIN,0
2018-01-10,EDWIN,0
2018-01-11,EDWIN,0
2018-01-12,IVAN,0
2018-01-13,IVAN,0
2018-01-14,IVAN,0
2018-01-15,IVAN,0
2018-01-16,DIEGO,0
2018-01-17,DIEGO,0
2018-01-18,DIEGO,0
2018-01-19,DIEGO,0
2018-01-20,NATALIO,0
2018-01-21,NATALIO,0
2018-01-22,NATALIO,0
2018-01-23,IVAN,0
2018-01-24,IVAN,0
2018-01-25,IVAN,0
2018-01-26,IVAN,0
2018-01-27,EDWIN,0
2018-01-28,EDWIN,0
2018-01-29,EDWIN,0
2018-01-30,NATALIO,0
2018-01-31,NATALIO,0
2018-02-01,NATALIO,0
2018-02-02,NATALIO,0
2018-02-03,DIEGO,0
2018-02-04,DIEGO,0
2018-02-05,DIEGO,0
2018-02-06,EDWIN,0
2018-02-07,EDWIN,0
2018-02-08,EDWIN,0
2018-02-09,EDWIN,0
2018-02-10,IVAN,0
2018-02-11,IVAN,0
2018-02-12,IVAN,0
2018-02-13,DIEGO,0
2018-02-14,DIEGO,0
2018-02-15,DIEGO,0
2018-02-16,NATALIO,0
2018-02-17,NATALIO,0
2018-02-18,NATALIO,0
2018-02-19,NATALIO,0
2018-02-20,IVAN,0
2018-02-21,IVAN,0
2018-02-22,IVAN,0
2018-02-23,IVAN,0
2018-02-24,EDWIN,0
2018-02-25,EDWIN,0
2018-02-26,EDWIN,0
2018-02-27,NATALIO,0
2018-02-28,NATALIO,0
2018-03-01,NATALIO,0
2018-03-02,DIEGO,0
2018-03-03,DIEGO,0
2018-03-04,DIEGO,0
2018-03-05,DIEGO,0
2018-03-06,EDWIN,0
2018-03-07,EDWIN,0
2018-03-08,EDWIN,0
2018-03-09,IVAN,0
2018-03-10,IVAN,0
2018-03-11,IVAN,0
2018-03-12,IVAN,0
2018-03-13,DIEGO,0
2018-03-14,DIEGO,0
2018-03-15,DIEGO,0
2018-03-16,NATALIO,0
2018-03-17,NATALIO,0
2018-03-18,NATALIO,0
2018-03-19,NATALIO,0
2018-03-20,IVAN,0
2018-03-21,IVAN,0
2018-03-22,IVAN,0
2018-03-23,EDWIN,0
2018-03-24,EDWIN,0
2018-03-25,EDWIN,0
2018-03-26,EDWIN,0
2018-03-27,NA ,0
2018-03-28,,0
2018-03-29,DIEGO,0
2018-03-30,DIEGO,0
2018-03-31,DIEGO,0
2018-04-01,DIEGO,0
2018-04-02,EDWIN,0
2018-04-03,EDWIN,0
2018-04-04,EDWIN,0
2018-04-05,EDWIN,0
2018-04-06,IVAN,0
2018-04-07,IVAN,0
2018-04-08,IVAN,0
2018-04-09,IVAN,0
2018-04-10,DIEGO,0
2018-04-11,DIEGO,0
2018-04-12,DIEGO,0
2018-04-13,NATALIO,0
2018-04-14,IVAN,0
2018-04-15,IVAN,0
2018-04-16,EDWIN,0
2018-04-17,EDWIN,0
2018-04-18,EDWIN,0
2018-04-19,EDWIN,0
2018-04-20,NATALIO,0
2018-04-21,NATALIO,0
2018-04-22,EDWIN,0
2018-04-23,EDWIN,0
2018-04-24,NATALIO,0
2018-04-25,NATALIO,0
2018-04-26,NATALIO,0
2018-04-27,DIEGO,0
2018-04-28,DIEGO,0
2018-04-29,DIEGO,0
2018-04-30,DIEGO,0
2018-05-01,EDWIN,0
2018-05-02,EDWIN,0
2018-05-03,EDWIN,0
2018-05-04,IVAN,0
2018-05-05,IVAN,0
2018-05-06,IVAN,0
2018-05-07,IVAN,0
2018-05-08,DIEGO,0
2018-05-09,DIEGO,0
2018-05-10,DIEGO,0
2018-05-11,NATALIO,0
2018-05-12,NATALIO,0
2018-05-13,NATALIO,0
2018-05-14,NATALIO,0
2018-05-15,IVAN,0
2018-05-16,IVAN,0
2018-05-17,IVAN,0
2018-05-18,EDWIN,0
2018-05-19,EDWIN,0
2018-05-20,EDWIN,0
2018-05-21,EDWIN,0
2018-05-22,NATALIO,0
2018-05-23,NATALIO,0
2018-05-24,NATALIO,0
2018-05-25,DIEGO,0
2018-05-26,DIEGO,0
2018-05-27,DIEGO,0
2018-05-28,EDWIN,0
2018-05-29,EDWIN,0
2018-05-30,EDWIN,0
2018-05-31,EDWIN,0
2018-06-01,IVAN,0
2018-06-02,IVAN,0
2018-06-03,IVAN,0
2018-06-04,IVAN,0
2018-06-05,DIEGO,0
2018-06-06,DIEGO,0
2018-06-07,DIEGO,0
2018-06-08,NATALIO,0
2018-06-09,NATALIO,0
2018-06-10,NATALIO,0
2018-06-11,NATALIO,0
2018-06-12,NA ,0
2018-06-13,NA ,0
2018-06-14,EDWIN,0
2018-06-15,EDWIN,0
2018-06-16,EDWIN,0
2018-06-17,EDWIN,0
2018-06-18,NATALIO,0
2018-06-19,NATALIO,0
2018-06-20,NATALIO,0
2018-06-21,NATALIO,0
2018-06-22,DIEGO,0
2018-06-23,DIEGO,0
2018-06-24,DIEGO,0
2018-06-25,DIEGO,0
2018-06-26,EDWIN,0
2018-06-27,EDWIN,0
2018-06-28,EDWIN,0
2018-06-29,IVAN,0
2018-06-30,IVAN,0
2018-07-01,IVAN,0
2018-07-02,IVAN,0
2018-07-03,DIEGO,0
2018-07-04,DIEGO,0
2018-07-05,DIEGO,0
2018-07-06,NATALIO,0
2018-07-07,NATALIO,0
2018-07-08,NATALIO,0
2018-07-09,NATALIO,0
2018-07-10,IVAN,0
2018-07-11,IVAN,0
2018-07-12,IVAN,0
2018-07-13,EDWIN,0
2018-07-14,EDWIN,0
2018-07-15,EDWIN,0
2018-07-16,EDWIN,0
2018-07-17,NATALIO,0
2018-07-18,NATALIO,0
2018-07-19,NATALIO,0
2018-07-20,DIEGO,0
2018-07-21,DIEGO,0
2018-07-22,DIEGO,0
2018-07-23,DIEGO,0
2018-07-24,EDWIN,0
2018-07-25,EDWIN,0
2018-07-26,EDWIN,0
2018-07-27,IVAN,0
2018-07-28,IVAN,0
2018-07-29,IVAN,0
2018-07-30,IVAN,0
2018-07-31,TITO,0
2018-08-01,TITO,0
2018-08-02,TITO,0
2018-08-03,EDWIN,0
2018-08-04,EDWIN,0
2018-08-05,EDWIN,0
2018-08-06,EDWIN,0
2018-08-07,IVAN,0
2018-08-08,IVAN,0
2018-08-09,IVAN,0
2018-08-10,DIEGO,0
2018-08-11,DIEGO,0
2018-08-12,DIEGO,0
2018-08-13,DIEGO,0
2018-08-14,NATALIO,0
2018-08-15,NATALIO,0
2018-08-16,NATALIO,0
2018-08-17,TITO,0
2018-08-18,TITO,0
2018-08-19,TITO,0
2018-08-20,TITO,0
2018-08-21,EDWIN,0
2018-08-22,EDWIN,0
2018-08-23,EDWIN,0
2018-08-24,IVAN,0
2018-08-25,IVAN,0
2018-08-26,IVAN,0
2018-08-27,IVAN,0
2018-08-28,DIEGO,0
2018-08-29,DIEGO,0
2018-08-30,DIEGO,0
2018-08-31,NATALIO,0
2018-09-01,NATALIO,0
2018-09-02,NATALIO,0
2018-09-03,NATALIO,0
2018-09-04,TITO,0
2018-09-05,TITO,0
2018-09-06,TITO,0
2018-09-07,EDWIN,0
2018-09-08,EDWIN,0
2018-09-09,EDWIN,0
2018-09-10,EDWIN,0
2018-09-11,IVAN,0
2018-09-12,IVAN,0
2018-09-13,IVAN,0
2018-09-14,DIEGO,0
2018-09-15,DIEGO,0
2018-09-16,DIEGO,0
2018-09-17,DIEGO,0
2018-09-18,NATALIO,0
2018-09-19,NATALIO,0
2018-09-20,NATALIO,0
2018-09-21,TITO,0
2018-09-22,TITO,0
2018-09-23,TITO,0
2018-09-24,TITO,0
2018-09-25,EDWIN,0
2018-09-26,EDWIN,0
2018-09-27,EDWIN,0
2018-09-28,IVAN,0
2018-09-29,IVAN,0
2018-09-30,IVAN,0
2018-10-01,IVAN,0
2018-10-02,DIEGO,0
2018-10-03,DIEGO,0
2018-10-04,DIEGO,0
2018-10-05,NATALIO,0
2018-10-06,NATALIO,0
2018-10-07,NATALIO,0
2018-10-08,TITO,0
2018-10-09,TITO,0
2018-10-10,TITO,0
2018-10-11,TITO,0
2018-10-12,EDWIN,0
2018-10-13,EDWIN,0
2018-10-14,EDWIN,0
2018-10-15,EDWIN,0
2018-10-16,IVAN,0
2018-10-17,IVAN,0
2018-10-18,IVAN,0
2018-10-19,DIEGO,0
2018-10-20,DIEGO,0
2018-10-21,DIEGO,0
2018-10-22,DIEGO,0
2018-10-23,NATALIO,0
2018-10-24,NA ,0
2018-10-25,NATALIO,0
2018-10-26,TITO,0
2018-10-27,TITO,0
2018-10-28,TITO,0
2018-10-29,TITO,0
2018-10-30,EDWIN,0
2018-10-31,EDWIN,0
2018-11-01,IVAN,0
2018-11-02,IVAN,0
2018-11-03,IVAN,0
2018-11-04,IVAN,0
2018-11-05,IVAN,0
2018-11-06,DIEGO,0
2018-11-07,DIEGO,0
2018-11-08,DIEGO,0
2018-11-09,NATALIO,0
2018-11-10,NATALIO,0
2018-11-11,NATALIO,0
2018-11-12,NATALIO,0
2018-11-13,TITO,0
2018-11-14,TITO,0
2018-11-15,TITO,0
2018-11-16,EDWIN,0
2018-11-17,EDWIN,0
2018-11-18,EDWIN,0
2018-11-19,EDWIN,0
2018-11-20,IVAN,0
2018-11-21,IVAN,0
2018-11-22,IVAN,0
2018-11-23,DIEGO,0
2018-11-24,DIEGO,0
2018-11-25,DIEGO,0
2018-11-26,DIEGO,0
2018-11-27,NATALIO,0
2018-11-28,NATALIO,0
2018-11-29,NATALIO,0
2018-11-30,TITO,0
2018-12-01,TITO,0
2018-12-02,TITO,0
2018-12-03,TITO,0
2018-12-04,EDWIN,0
2018-12-05,EDWIN,0
2018-12-06,EDWIN,0
2018-12-07,IVAN,0
2018-12-08,IVAN,0
2018-12-09,IVAN,0
2018-12-10,IVAN,0
2018-12-11,DIEGO,0
2018-12-12,DIEGO,0
2018-12-13,DIEGO,0
2018-12-14,NATALIO,0
2018-12-15,NATALIO,0
2018-12-16,NATALIO,0
2018-12-17,NATALIO,0
2018-12-18,TITO,0
2018-12-19,TITO,0
2018-12-20,TITO,0
2018-12-21,EDWIN,0
2018-12-22,EDWIN,0
2018-12-23,EDWIN,0
2018-12-24,EDWIN,0
2018-12-25,IVAN,0
2018-12-26,IVAN,0
2018-12-27,IVAN,0
2018-12-28,DIEGO,0
2018-12-29,DIEGO,0
2018-12-30,DIEGO,0
2018-12-31,DIEGO,0
2019-01-01,NATALIO,0
2019-01-02,NATALIO,0
2019-01-03,NATALIO,1
2019-01-04,TITO,0
2019-01-05,TITO,0
2019-01-06,TITO,0
2019-01-07,TITO,0
2019-01-08,EDWIN,0
2019-01-09,EDWIN,0
2019-01-10,EDWIN,0
2019-01-11,IVAN,0
2019-01-12,IVAN,0
2019-01-13,IVAN,0
2019-01-14,IVAN,0
2019-01-15,DIEGO,0
2019-01-16,DIEGO,0
2019-01-17,NATALIO,0
2019-01-18,NATALIO,0
2019-01-19,NATALIO,0
2019-01-20,,0
2019-01-21,,0
2019-01-22,TITO,0
2019-01-23,TITO,0
2019-01-24,TITO,0
2019-01-25,EDWIN,0
2019-01-26,EDWIN,0
2019-01-27,EDWIN,0
2019-01-28,EDWIN,1
2019-01-29,IVAN,0
2019-01-30,IVAN,0
2019-01-31,IVAN,0
2019-02-01,DIEGO,0
2019-02-02,DIEGO,0
2019-02-03,DIEGO,0
2019-02-04,,0
2019-02-05,NATALIO,0
2019-02-06,NATALIO,0
2019-02-07,,0
2019-02-08,TITO,0
2019-02-09,TITO,0
2019-02-10,TITO,0
2019-02-11,TITO,0
2019-02-12,EDWIN,0
2019-02-13,EDWIN,0
2019-02-14,EDWIN,0
2019-02-15,IVAN,0
2019-02-16,IVAN,0
2019-02-17,IVAN,0
2019-02-18,IVAN,0
2019-02-19,DIEGO,0
2019-02-20,DIEGO,0
2019-02-21,DIEGO,0
2019-02-22,NATALIO,0
2019-02-23,NATALIO,0
2019-02-24,NATALIO,0
2019-02-25,NATALIO,0
2019-02-26,TITO,0
2019-02-27,TITO,0
2019-02-28,TITO,0
2019-03-01,EDWIN,0
2019-03-02,EDWIN,0
2019-03-03,EDWIN,0
2019-03-04,EDWIN,0
2019-03-05,IVAN,0
2019-03-06,IVAN,0
2019-03-07,IVAN,0
2019-03-08,DIEGO,0
2019-03-09,DIEGO,0
2019-03-10,,0
2019-03-11,NATALIO,0
2019-03-12,NATALIO,0
2019-03-13,,0
2019-03-14,NATALIO,0
2019-03-15,TITO,0
2019-03-16,TITO,0
2019-03-17,TITO,0
2019-03-18,EDWIN,0
2019-03-19,EDWIN,0
2019-03-20,EDWIN,0
2019-03-21,EDWIN,0
2019-03-22,IVAN,0
2019-03-23,IVAN,0
2019-03-24,IVAN,0
2019-03-25,IVAN,0
2019-03-26,DIEGO,0
2019-03-27,DIEGO,0
2019-03-28,DIEGO,0
2019-03-29,NATALIO,0
2019-03-30,NATALIO,0
2019-03-31,NATALIO,0
2019-04-01,NATALIO,0
2019-04-02,TITO,0
2019-04-03,TITO,0
2019-04-04,TITO,0
2019-04-05,EDWIN,0
2019-04-06,EDWIN,0
2019-04-07,EDWIN,0
2019-04-08,EDWIN,0
2019-04-09,IVAN,0
2019-04-10,IVAN,0
2019-04-11,IVAN,0
2019-04-12,EDWIN,0
2019-04-13,EDWIN,0
2019-04-14,EDWIN,0
2019-04-15,EDWIN,0
2019-04-16,NATALIO,0
2019-04-17,NATALIO,0
2019-04-18,TITO,0
2019-04-19,TITO,0
2019-04-20,TITO,0
2019-04-21,TITO,0
2019-04-22,TITO,0
2019-04-23,EDWIN,0
2019-04-24,EDWIN,0
2019-04-25,EDWIN,0
2019-04-26,IVAN,0
2019-04-27,IVAN,0
2019-04-28,IVAN,0
2019-04-29,IVAN,0
2019-04-30,DIEGO,0
2019-05-01,DIEGO,0
2019-05-02,NATALIO,0
2019-05-03,NATALIO,0
2019-05-04,NATALIO,0
2019-05-05,,0
2019-05-06,TITO,0
2019-05-07,TITO,0
2019-05-08,TITO,0
2019-05-09,TITO,0
2019-05-10,DIEGO,0
2019-05-11,DIEGO,0
2019-05-12,DIEGO,0
2019-05-13,DIEGO,0
2019-05-14,NATALIO,0
2019-05-15,NATALIO,0
2019-05-16,NATALIO,0
2019-05-17,DIEGO,0
2019-05-18,DIEGO,0
2019-05-19,DIEGO,0
2019-05-20,DIEGO,0
2019-05-21,NATALIO,0
2019-05-22,NATALIO,0
2019-05-23,NATALIO,0
2019-05-24,TITO,0
2019-05-25,TITO,0
2019-05-26,TITO,0
2019-05-27,TITO,0
2019-05-28,EDWIN,0
2019-05-29,EDWIN,0
2019-05-30,EDWIN,0
2019-05-31,NATALIO,0
2019-06-01,NATALIO,0
2019-06-02,NATALIO,0
2019-06-03,NATALIO,0
2019-06-04,DIEGO,0
2019-06-05,DIEGO,0
2019-06-06,EDWIN,0
2019-06-07,EDWIN,0
2019-06-08,EDWIN,0
2019-06-09,EDWIN,0
2019-06-10,EDWIN,0
2019-06-11,IVAN,0
2019-06-12,IVAN,0
2019-06-13,IVAN,0
2019-06-14,DIEGO,0
2019-06-15,DIEGO,0
2019-06-16,DIEGO,0
2019-06-17,DIEGO,0
2019-06-18,NATALIO,0
2019-06-19,NATALIO,0
2019-06-20,NATALIO,0
2019-06-21,TITO,0
2019-06-22,TITO,0
2019-06-23,TITO,0
2019-06-24,EDWIN,0
2019-06-25,EDWIN,0
2019-06-26,EDWIN,0
2019-06-27,NATALIO,0
2019-06-28,NATALIO,0
2019-06-29,NATALIO,0
2019-06-30,NATALIO,0
2019-07-01,DIEGO,0
2019-07-02,DIEGO,0
2019-07-03,DIEGO,0
2019-07-04,EDWIN,0
2019-07-05,EDWIN,0
2019-07-06,EDWIN,0
2019-07-07,EDWIN,0
2019-07-08,TITO,0
2019-07-09,TITO,0
2019-07-10,TITO,0
2019-07-11,TITO,0
2019-07-12,DIEGO,0
2019-07-13,DIEGO,0
2019-07-14,DIEGO,0
2019-07-15,NA  ,0
2019-07-16,NATALIO,0
2019-07-17,NATALIO,0
2019-07-18,NATALIO,0
2019-07-19,TITO,0
2019-07-20,TITO,0
2019-07-21,TITO,0
2019-07-22,TITO,0
2019-07-23,EDWIN,0
2019-07-24,EDWIN,0
2019-07-25,EDWIN,0
2019-07-26,NATALIO,0
2019-07-27,NATALIO,0
2019-07-28,NATALIO,0
2019-07-29,NATALIO,0
2019-07-30,DIEGO,0
2019-07-31,DIEGO,0
2019-08-01,DIEGO,0
2019-08-02,EDWIN,0
2019-08-03,EDWIN,0
2019-08-04,EDWIN,0
2019-08-05,EDWIN,0
2019-08-06,TITO,0
2019-08-07,TITO,0
2019-08-08,TITO,0
2019-08-09,DIEGO,0
2019-08-10,DIEGO,0
2019-08-11,DIEGO,0
2019-08-12,DIEGO,0
2019-08-13,NATALIO,0
2019-08-14,NATALIO,0
2019-08-15,NATALIO,0
2019-08-16,TITO,0
2019-08-17,TITO,0
2019-08-18,TITO,0
2019-08-19,TITO,0
2019-08-20,EDWIN,0
2019-08-21,EDWIN,0
2019-08-22,EDWIN,0
2019-08-23,NATALIO,0
2019-08-24,NATALIO,0
2019-08-25,NATALIO,0
2019-08-26,NATALIO,0
2019-08-27,DIEGO,0
2019-08-28,DIEGO,0
2019-08-29,DIEGO,0
2019-08-30,EDWIN,0
2019-08-31,EDWIN,0
2019-09-01,EDWIN,0
2019-09-02,EDWIN,0
2019-09-03,NATALIO,0
2019-09-04,NATALIO,0
2019-09-05,NATALIO,0
2019-09-06,TITO,0
2019-09-07,TITO,0
2019-09-08,TITO,0
2019-09-09,TITO,0
2019-09-10,EDWIN,0
2019-09-11,EDWIN,0
2019-09-12,EDWIN,1
2019-09-13,DIEGO,0
2019-09-14,DIEGO,0
2019-09-15,DIEGO,0
2019-09-16,DIEGO,0
2019-09-17,,0
2019-09-18,,0
2019-09-19,,0
2019-09-20,,0
2019-09-21,,0
2019-09-22,,0
2019-09-23,,0
2019-09-24,,0
2019-09-25,,0
2019-09-26,,0
2019-09-27,,0
2019-09-28,,0
2019-09-29,,0
2019-09-30,,0
2019-10-01,,0
2019-10-02,,0
2019-10-03,,0
2019-10-04,,0
2019-10-05,,0
2019-10-06,,0
2019-10-07,,0
2019-10-08,,0
2019-10-09,,0
2019-10-10,,0
2019-10-11,,0
2019-10-12,,0
2019-10-13,,0
2019-10-14,,0
2019-10-15,,0
2019-10-16,,0
2019-10-17,,0
2019-10-18,,0
2019-10-19,,0
2019-10-20,,0
2019-10-21,,0
2019-10-22,,0
2019-10-23,,0
2019-10-24,,0
2019-10-25,,0
2019-10-26,,0
2019-10-27,,0
2019-10-28,,0
2019-10-29,,0
2019-10-30,,0
2019-10-31,,0
2019-11-01,,0
2019-11-02,,0
2019-11-03,,0
2019-11-04,,0
2019-11-05,,0
2019-11-06,,0
2019-11-07,,0
2019-11-08,,0
2019-11-09,,0
2019-11-10,,0
2019-11-11,,0
2019-11-12,,0
2019-11-13,,0
2019-11-14,,0
2019-11-15,,0
2019-11-16,,0
2019-11-17,,0
2019-11-18,,0
2019-11-19,,0
2019-11-20,,0
2019-11-21,,0
2019-11-22,,0
2019-11-23,,0
2019-11-24,,0
2019-11-25,,0
2019-11-26,,0
2019-11-27,,0
2019-11-28,,0
2019-11-29,,0
2019-11-30,,0
2019-12-01,,0
2019-12-02,,0
2019-12-03,,0
2019-12-04,,0
2019-12-05,,0
2019-12-06,,0
2019-12-07,,0
2019-12-08,,0
2019-12-09,,0
2019-12-10,,0
2019-12-11,,0
2019-12-12,,0
2019-12-13,,0
2019-12-14,,0
2019-12-15,,0
2019-12-16,,0
2019-12-17,,0
2019-12-18,,0
2019-12-19,,0
2019-12-20,,0
2019-12-21,,0
2019-12-22,,0
2019-12-23,,0
2019-12-24,,0
2019-12-25,,0
2019-12-26,,0
2019-12-27,,0
2019-12-28,,0
2019-12-29,,0
2019-12-30,,0
2019-12-31,,0
2020-01-01,,0
2020-01-02,,0
2020-01-03,,0
2020-01-04,,0
2020-01-05,,0
2020-01-06,,0
2020-01-07,JOAQUIN ,0
2020-01-08,JOAQUIN ,0
2020-01-09,JOAQUIN ,0
2020-01-10,"EDWIN
",0
2020-01-11,"EDWIN
",0
2020-01-12,"EDWIN
",0
2020-01-13,IVAN,0
2020-01-14,IVAN,0
2020-01-15,IVAN,0
2020-01-16,IVAN,0
2020-01-17,"DIEGO
",0
2020-01-18,"DIEGO
",0
2020-01-19,"DIEGO
",0
2020-01-20,"DIEGO
",0
2020-01-21,NATALIO,0
2020-01-22,NATALIO,0
2020-01-23,JOAQUIN ,0
2020-01-24,JOAQUIN ,0
2020-01-25,JOAQUIN ,0
2020-01-26,JOAQUIN ,0
2020-01-27,JOAQUIN,0
2020-01-28,"EDWIN
",0
2020-01-29,"EDWIN
",0
2020-01-30,"EDWIN
",1
2020-01-31,IVAN,0
2020-02-01,IVAN,0
2020-02-02,IVAN,0
2020-02-03,"DIEGO
",0
2020-02-04,"DIEGO
",0
2020-02-05,"DIEGO
",0
2020-02-06,NATALIO,0
2020-02-07,NATALIO,0
2020-02-08,NATALIO,0
2020-02-09,NATALIO,0
2020-02-10,NATALIO,1
2020-02-11,JOAQUIN ,0
2020-02-12,JOAQUIN,0
2020-02-13,JOAQUIN,0
2020-02-14,"EDWIN
",0
2020-02-15,"EDWIN
",0
2020-02-16,"EDWIN
",0
2020-02-17,IVAN,0
2020-02-18,IVAN,0
2020-02-19,IVAN,0
2020-02-20,"DIEGO
",0
2020-02-21,"DIEGO
",0
2020-02-22,"DIEGO
",0
2020-02-23,"DIEGO
",0
2020-02-24,NATALIO,0
2020-02-25,NATALIO,0
2020-02-26,NATALIO,0
2020-02-27,JOAQUIN,0
2020-02-28,JOAQUIN,0
2020-02-29,JOAQUIN,0
2020-03-01,JOAQUIN,0
2020-03-02,JOAQUIN,0
2020-03-03,EDWIN,0
2020-03-04,EDWIN,0
2020-03-05,EDWIN,0
2020-03-06,IVAN RIVERO,0
2020-03-07,IVAN RIVERO,0
2020-03-08,IVAN,0
2020-03-09,IVAN,0
2020-03-10,"DIEGO
",0
2020-03-11,"DIEGO
",0
2020-03-12,DIEGO,0
2020-03-13,NATALIO,0
2020-03-14,NATALIO,0
2020-03-15,NATALIO,0
2020-03-16,JOAQUIN,0
2020-03-17,JOAQUIN,0
2020-03-18,JOAQUIN,0
2020-03-19,JOAQUIN,0
2020-03-20,EDWIN,0
2020-03-21,EDWIN,0
2020-03-22,EDWIN,0
2020-03-23,,0
2020-03-24,,0
2020-03-25,,0
2020-03-26,,0
2020-03-27,,0
2020-03-28,,0
2020-03-29,,0
2020-03-30,,0
2020-03-31,,0
2020-04-01,,0
2020-04-02,,0
2020-04-03,,0
2020-04-04,,0
2020-04-05,,0
2020-04-06,,0
2020-04-07,,0
2020-04-08,,0
2020-04-09,,0
2020-04-10,,0
2020-04-11,,0
2020-04-12,,0
2020-04-13,,0
2020-04-14,,0
2020-04-15,,0
2020-04-16,,0
2020-04-17,,0
2020-04-18,,0
2020-04-19,,0
2020-04-20,,0
2020-04-21,,0
2020-04-22,,0
2020-04-23,,0
2020-04-24,,0
2020-04-25,,0
2020-04-26,,0
2020-04-27,,0
2020-04-28,,0
2020-04-29,,0
2020-04-30,,0
2020-05-01,,0
2020-05-02,,0
2020-05-03,,0
2020-05-04,,0
2020-05-05,,0
2020-05-06,,0
2020-05-07,,0
2020-05-08,,0
2020-05-09,,0
2020-05-10,,0
2020-05-11,,0
2020-05-12,,0
2020-05-13,,0
2020-05-14,,0
2020-05-15,,0
2020-05-16,,0
2020-05-17,,0
2020-05-18,,0
2020-05-19,,0
2020-05-20,,0
2020-05-21,,0
2020-05-22,,0
2020-05-23,,0
2020-05-24,,0
2020-05-25,,0
2020-05-26,,0
2020-05-27,,0
2020-05-28,,0
2020-05-29,,0
2020-05-30,,0
2020-05-31,,0
2020-06-01,,0
2020-06-02,,0
2020-06-03,,0
2020-06-04,,0
2020-06-05,,0
2020-06-06,,0
2020-06-07,,0
2020-06-08,,0
2020-06-09,,0
2020-06-10,,0
2020-06-11,,0
2020-06-12,,0
2020-06-13,,0
2020-06-14,,0
2020-06-15,,0
2020-06-16,,0
2020-06-17,,0
2020-06-18,,0
2020-06-19,,0
2020-06-20,,0
2020-06-21,,0
2020-06-22,,0
2020-06-23,,0
2020-06-24,,0
2020-06-25,,0
2020-06-26,,0
2020-06-27,,0
2020-06-28,,0
2020-06-29,,0
2020-06-30,,0
2020-07-01,,0
2020-07-02,,0
2020-07-03,,0
2020-07-04,,0
2020-07-05,,0
2020-07-06,,0
2020-07-07,,0
2020-07-08,,0
2020-07-09,,0
2020-07-10,,0
2020-07-11,,0
2020-07-12,,0
2020-07-13,EDWIN,0
2020-07-14,EDWIN,0
2020-07-15,EDWIN,0
2020-07-16,,0
2020-07-17,,0
2020-07-18,,0
2020-07-19,,0
2020-07-20,,0
2020-07-21,,0
2020-07-22,,0
2020-07-23,,0
2020-07-24,,0
2020-07-25,,0
2020-07-26,,0
2020-07-27,,0
2020-07-28,,0
2020-07-29,,0
2020-07-30,,0
2020-07-31,,0
2020-08-01,,0
2020-08-02,,0
2020-08-03,,0
2020-08-04,,0
2020-08-05,,0
2020-08-06,,0
2020-08-07,,0
2020-08-08,,0
2020-08-09,,0
2020-08-10,,0
2020-08-11,,0
2020-08-12,,0
2020-08-13,,0
2020-08-14,,0
2020-08-15,,0
2020-08-16,,0
2020-08-17,,0
2020-08-18,,0
2020-08-19,,0
2020-08-20,,0
2020-08-21,,0
2020-08-22,,0
2020-08-23,,0
2020-08-24,,0
2020-08-25,,0
2020-08-26,,0
2020-08-27,,0
2020-08-28,,0
2020-08-29,,0
2020-08-30,,0
2020-08-31,,0
2020-09-01,,0
2020-09-02,,0
2020-09-03,,0
2020-09-04,,0
2020-09-05,,0
2020-09-06,,0
2020-09-07,,0
2020-09-08,,0
2020-09-09,,0
2020-09-10,,0
2020-09-11,,0
2020-09-12,,0
2020-09-13,,0
2020-09-14,,0
2020-09-15,,0
2020-09-16,,0
2020-09-17,,0
2020-09-18,,0
2020-09-19,,0
2020-09-20,,0
2020-09-21,NATALIO,0
2020-09-22,NATALIO,0
2020-09-23,NATALIO,0
2020-09-24,EDWIN,0
2020-09-25,EDWIN,0
2020-09-26,EDWIN,0
2020-09-27,EDWIN,0
2020-09-28,,0
2020-09-29,JOAQUIN,0
2020-09-30,JOAQUIN,0
2020-10-01,JOAQUIN,0
2020-10-02,NATALIO,0
2020-10-03,NATALIO,0
2020-10-04,NATALIO,0
2020-10-05,NATALIO,0
2020-10-06,DIEGO,0
2020-10-07,DIEGO,0
2020-10-08,DIEGO,0
2020-10-09,EDWIN,0
2020-10-10,EDWIN,0
2020-10-11,EDWIN,0
2020-10-12,EDWIN,0
2020-10-13,IVAN,0
2020-10-14,IVAN,0
2020-10-15,IVAN,0
2020-10-16,JOAQUIN,0
2020-10-17,JOAQUIN,0
2020-10-18,JOAQUIN,0
2020-10-19,JOAQUIN,0
2020-10-20,NATALIO,0
2020-10-21,NATALIO,0
2020-10-22,NATALIO,0
2020-10-23,IVAN,0
2020-10-24,IVAN,0
2020-10-25,IVAN,0
2020-10-26,IVAN,0
2020-10-27,EDWIN,0
2020-10-28,EDWIN,0
2020-10-29,EDWIN,0
2020-10-30,NATALIO,0
2020-10-31,NATALIO,0
2020-11-01,NATALIO,0
2020-11-02,JOAQUIN,0
2020-11-03,JOAQUIN,0
2020-11-04,JOAQUIN,0
2020-11-05,JOAQUIN,0
2020-11-06,DIEGO,0
2020-11-07,DIEGO,0
2020-11-08,DIEGO,0
2020-11-09,DIEGO,0
2020-11-10,EDWIN,0
2020-11-11,EDWIN,0
2020-11-12,EDWIN,0
2020-11-13,IVAN,0
2020-11-14,IVAN,0
2020-11-15,IVAN,0
2020-11-16,IVAN,0
2020-11-17,DIEGO,0
2020-11-18,DIEGO,0
2020-11-19,DIEGO,0
2020-11-20,EDWIN,0
2020-11-21,EDWIN,0
2020-11-22,EDWIN,0
2020-11-23,EDWIN,0
2020-11-24,IVAN,0
2020-11-25,IVAN,0
2020-11-26,IVAN,0
2020-11-27,JOAQUIN,0
2020-11-28,JOAQUIN,0
2020-11-29,JOAQUIN,0
2020-11-30,NATALIO,0
2020-12-01,NATALIO,0
2020-12-02,NATALIO,0
2020-12-03,JOAQUIN,0
2020-12-04,JOAQUIN,0
2020-12-05,JOAQUIN,0
2020-12-06,JOAQUIN,0
2020-12-07,EDWIN,0
2020-12-08,EDWIN,0
2020-12-09,EDWIN,0
2020-12-10,IVAN,0
2020-12-11,IVAN,0
2020-12-12,IVAN,0
2020-12-13,IVAN,0
2020-12-14,DIEGO,0
2020-12-15,DIEGO,0
2020-12-16,DIEGO,0
2020-12-17,NATALIO,0
2020-12-18,NATALIO,0
2020-12-19,NATALIO,0
2020-12-20,NATALIO,0
2020-12-21,JOAQUIN,0
2020-12-22,JOAQUIN,0
2020-12-23,JOAQUIN,0
2020-12-24,JOAQUIN,0
2020-12-25,EDWIN,0
2020-12-26,EDWIN,0
2020-12-27,EDWIN,0
2020-12-28,EDWIN,0
2020-12-29,,0
2020-12-30,,0
2020-12-31,DIEGO,0
2021-01-01,DIEGO,0
2021-01-02,DIEGO,0
2021-01-03,DIEGO,0
2021-01-04,DIEGO,1
2021-01-05,NATALIO,0
2021-01-06,NATALIO,0
2021-01-07,NATALIO,1
2021-01-08,JOAQUIN,0
2021-01-09,,0
2021-01-10,,0
2021-01-11,JOAQUIN,0
2021-01-12,,0
2021-01-13,EDWIN,0
2021-01-14,,0
2021-01-15,NATALIO,0
2021-01-16,NATALIO,0
2021-01-17,,0
2021-01-18,JOAQUIN,0
2021-01-19,JOAQUIN,0
2021-01-20,JOAQUIN,0
2021-01-21,,0
2021-01-22,,0
2021-01-23,,0
2021-01-24,EDWIN,0
2021-01-25,EDWIN,0
2021-01-26,,0
2021-01-27,,0
2021-01-28,NATALIO,0
2021-01-29,,0
2021-01-30,NATALIO,0
2021-01-31,,0
2021-02-01,,0
2021-02-02,JOAQUIN,0
2021-02-03,JOAQUIN,0
2021-02-04,JOAQUIN,0
2021-02-05,EDWIN,0
2021-02-06,,0
2021-02-07,EDWIN,0
2021-02-08,,0
2021-02-09,IVAN,0
2021-02-10,,0
2021-02-11,,0
2021-02-12,JOAQUIN,0
2021-02-13,JOAQUIN,0
2021-02-14,,0
2021-02-15,EDWIN,0
2021-02-16,,0
2021-02-17,EDWIN,0
2021-02-18,IVAN,0
2021-02-19,IVAN,0
2021-02-20,IVAN,0
2021-02-21,,0
2021-02-22,,0
2021-02-23,,0
2021-02-24,JOAQUIN,0
2021-02-25,,0
2021-02-26,,0
2021-02-27,,0
2021-02-28,EDWIN,0
2021-03-01,,0
2021-03-02,IVAN,0
2021-03-03,IVAN,0
2021-03-04,,0
2021-03-05,JOAQUIN,0
2021-03-06,JOAQUIN,0
2021-03-07,,0
2021-03-08,EDWIN,0
2021-03-09,,0
2021-03-10,,0
2021-03-11,,0
2021-03-12,,0
2021-03-13,,0
2021-03-14,,0
2021-03-15,JOAQUIN,0
2021-03-16,JOAQUIN,0
2021-03-17,,0
2021-03-18,EDWIN,0
2021-03-19,,0
2021-03-20,EDWIN,0
2021-03-21,,0
2021-03-22,IVAN,0
2021-03-23,,0
2021-03-24,IVAN,0
2021-03-25,JOAQUIN,0
2021-03-26,,0
2021-03-27,JOAQUIN,0
2021-03-28,JOAQUIN,0
2021-03-29,EDWIN,0
2021-03-30,EDWIN,0
2021-03-31,EDWIN,0
2021-04-01,IVAN,0
2021-04-02,,0
2021-04-03,,0
2021-04-04,,0
2021-04-05,JOAQUIN,0
2021-04-06,,0
2021-04-07,,0
2021-04-08,,0
2021-04-09,,0
2021-04-10,EDWIN,0
2021-04-11,,0
2021-04-12,IVAN,0
2021-04-13,IVAN,0
2021-04-14,IVAN,0
2021-04-15,TITO,0
2021-04-16,TITO,0
2021-04-17,TITO,0
2021-04-18,TITO,0
2021-04-19,EDWIN,0
2021-04-20,EDWIN,0
2021-04-21,EDWIN,0
2021-04-22,IVAN,0
2021-04-23,IVAN,0
2021-04-24,IVAN,0
2021-04-25,IVAN,0
2021-04-26,TITO,0
2021-04-27,TITO,0
2021-04-28,TITO,0
2021-04-29,EDWIN,0
2021-04-30,EDWIN,0
2021-05-01,EDWIN,0
2021-05-02,EDWIN,0
2021-05-03,IVAN,0
2021-05-04,IVAN,0
2021-05-05,IVAN,0
2021-05-06,TITO,0
2021-05-07,TITO,0
2021-05-08,TITO,0
2021-05-09,TITO,0
2021-05-10,EDWIN,0
2021-05-11,EDWIN,0
2021-05-12,EDWIN,0
2021-05-13,IVAN,0
2021-05-14,IVAN,0
2021-05-15,IVAN,0
2021-05-16,IVAN,0
2021-05-17,TITO,0
2021-05-18,TITO,0
2021-05-19,TITO,0
2021-05-20,EDWIN,0
2021-05-21,EDWIN,0
2021-05-22,EDWIN,0
2021-05-23,EDWIN,0
2021-05-24,IVAN,0
2021-05-25,IVAN,0
2021-05-26,IVAN,0
2021-05-27,IVAN,0
2021-05-28,TITO,0
2021-05-29,TITO,0
2021-05-30,TITO,0
2021-05-31,TITO,0
2021-06-01,EDWIN,0
2021-06-02,EDWIN,0
2021-06-03,EDWIN,0
2021-06-04,IVAN,0
2021-06-05,IVAN,0
2021-06-06,IVAN,0
2021-06-07,IVAN,0
2021-06-08,TITO,0
2021-06-09,TITO,0
2021-06-10,TITO,0
2021-06-11,EDWIN,0
2021-06-12,EDWIN,0
2021-06-13,EDWIN,0
2021-06-14,EDWIN,0
2021-06-15,IVAN,0
2021-06-16,IVAN,0
2021-06-17,IVAN,0
2021-06-18,TITO,0
2021-06-19,TITO,0
2021-06-20,TITO,0
2021-06-21,TITO,0
2021-06-22,EDWIN,0
2021-06-23,EDWIN,0
2021-06-24,EDWIN,0
2021-06-25,IVAN,0
2021-06-26,IVAN,0
2021-06-27,IVAN,0
2021-06-28,IVAN,0
2021-06-29,TITO,0
2021-06-30,TITO,0
2021-07-01,TITO,0
2021-07-02,EDWIN,0
2021-07-03,EDWIN,0
2021-07-04,EDWIN,0
2021-07-05,EDWIN,0
2021-07-06,IVAN,0
2021-07-07,IVAN,0
2021-07-08,TITO,0
2021-07-09,TITO,0
2021-07-10,TITO,0
2021-07-11,TITO,0
2021-07-12,TITO,0
2021-07-13,EDWIN,0
2021-07-14,EDWIN,0
2021-07-15,IVAN,0
2021-07-16,IVAN,0
2021-07-17,IVAN,0
2021-07-18,IVAN,0
2021-07-19,TITO,0
2021-07-20,TITO,0
2021-07-21,TITO,0
2021-07-22,EDWIN,0
2021-07-23,EDWIN,0
2021-07-24,EDWIN,0
2021-07-25,EDWIN,0
2021-07-26,IVAN,0
2021-07-27,IVAN,0
2021-07-28,IVAN,0
2021-07-29,TITO,0
2021-07-30,TITO,0
2021-07-31,TITO,0
2021-08-01,TITO,0
2021-08-02,EDWIN,0
2021-08-03,EDWIN,0
2021-08-04,EDWIN,0
2021-08-05,IVAN,0
2021-08-06,IVAN,0
2021-08-07,IVAN,0
2021-08-08,IVAN,0
2021-08-09,TITO,0
2021-08-10,TITO,0
2021-08-11,TITO,0
2021-08-12,TITO,0
2021-08-13,EDWIN,0
2021-08-14,EDWIN,0
2021-08-15,EDWIN,0
2021-08-16,IVAN,0
2021-08-17,,0
2021-08-18,,0
2021-08-19,IVAN,0
2021-08-20,TITO,0
2021-08-21,TITO,0
2021-08-22,TITO,0
2021-08-23,TITO,0
2021-08-24,EDWIN,0
2021-08-25,EDWIN,0
2021-08-26,IVAN,0
2021-08-27,IVAN,0
2021-08-28,IVAN,0
2021-08-29,IVAN,0
2021-08-30,TITO,0
2021-08-31,TITO,0
2021-09-01,TITO,0
2021-09-02,EDWIN,0
2021-09-03,EDWIN,0
2021-09-04,EDWIN,0
2021-09-05,EDWIN,0
2021-09-06,IVAN,0
2021-09-07,IVAN,0
2021-09-08,IVAN,0
2021-09-09,TITO,0
2021-09-10,TITO,0
2021-09-11,TITO,0
2021-09-12,TITO,0
2021-09-13,EDWIN,0
2021-09-14,EDWIN,0
2021-09-15,EDWIN,0
2021-09-16,IVAN,0
2021-09-17,IVAN,0
2021-09-18,IVAN,0
2021-09-19,IVAN,0
2021-09-20,TITO,0
2021-09-21,TITO,0
2021-09-22,TITO,0
2021-09-23,TITO,0
2021-09-24,EDWIN,0
2021-09-25,EDWIN,0
2021-09-26,EDWIN,0
2021-09-27,IVAN,0
2021-09-28,IVAN,0
2021-09-29,IVAN,0
2021-09-30,TITO,0
2021-10-01,TITO,0
2021-10-02,TITO,0
2021-10-03,TITO,0
2021-10-04,EDWIN,0
2021-10-05,EDWIN,0
2021-10-06,EDWIN,0
2021-10-07,IVAN,0
2021-10-08,IVAN,0
2021-10-09,IVAN,0
2021-10-10,IVAN,0
2021-10-11,TITO,0
2021-10-12,TITO,0
2021-10-13,TITO,0
2021-10-14,EDWIN,0
2021-10-15,EDWIN,0
2021-10-16,EDWIN,0
2021-10-17,EDWIN,0
2021-10-18,IVAN,0
2021-10-19,IVAN,0
2021-10-20,IVAN,0
2021-10-21,IVAN,0
2021-10-22,HUGO,0
2021-10-23,HUGO,0
2021-10-24,HUGO,0
2021-10-25,EDWIN,0
2021-10-26,EDWIN,0
2021-10-27,EDWIN,0
2021-10-28,TITO,0
2021-10-29,TITO,0
2021-10-30,TITO,0
2021-10-31,TITO,0
2021-11-01,HUGO,0
2021-11-02,HUGO,0
2021-11-03,HUGO,0
2021-11-04,IVAN,0
2021-11-05,IVAN,0
2021-11-06,IVAN,0
2021-11-07,IVAN,0
2021-11-08,TITO,0
2021-11-09,TITO,0
2021-11-10,TITO,0
2021-11-11,EDWIN,0
2021-11-12,EDWIN,0
2021-11-13,EDWIN,0
2021-11-14,EDWIN,0
2021-11-15,IVAN,0
2021-11-16,IVAN,0
2021-11-17,IVAN,0
2021-11-18,HUGO,0
2021-11-19,HUGO,0
2021-11-20,HUGO,0
2021-11-21,HUGO,0
2021-11-22,EDWIN,0
2021-11-23,EDWIN,0
2021-11-24,EDWIN,0
2021-11-25,TITO,0
2021-11-26,TITO,0
2021-11-27,TITO,0
2021-11-28,TITO,0
2021-11-29,HUGO,0
2021-11-30,HUGO,0
2021-12-01,HUGO,0
2021-12-02,IVAN,0
2021-12-03,IVAN,0
2021-12-04,IVAN,0
2021-12-05,IVAN,0
2021-12-06,IVAN,1
2021-12-07,TITO,0
2021-12-08,TITO,0
2021-12-09,EDWIN,0
2021-12-10,EDWIN,0
2021-12-11,EDWIN,0
2021-12-12,EDWIN,0
2021-12-13,IVAN,0
2021-12-14,IVAN,0
2021-12-15,IVAN,0
2021-12-16,HUGO,0
2021-12-17,HUGO,0
2021-12-18,HUGO,0
2021-12-19,HUGO,0
2021-12-20,EDWIN,0
2021-12-21,EDWIN,0
2021-12-22,EDWIN,0
2021-12-23,TITO,0
2021-12-24,TITO,0
2021-12-25,TITO,0
2021-12-26,TITO,0
2021-12-27,HUGO,0
2021-12-28,HUGO,0
2021-12-29,HUGO,0
2021-12-30,IVAN,0
2021-12-31,IVAN,0
2022-01-01,IVAN,0
2022-01-02,IVAN,0
2022-01-03,TITO,0
2022-01-04,TITO,0
2022-01-05,TITO,0
2022-01-06,EDWIN,0
2022-01-07,EDWIN,0
2022-01-08,EDWIN,0
2022-01-09,EDWIN,0
2022-01-10,IVAN,0
2022-01-11,IVAN,0
2022-01-12,IVAN,0
2022-01-13,HUGO,0
2022-01-14,HUGO,0
2022-01-15,HUGO,0
2022-01-16,HUGO,0
2022-01-17,EDWIN,0
2022-01-18,EDWIN,0
2022-01-19,EDWIN,0
2022-01-20,TITO,0
2022-01-21,TITO,0
2022-01-22,TITO,0
2022-01-23,TITO,0
2022-01-24,HUGO,0
2022-01-25,HUGO,0
2022-01-26,HUGO,0
2022-01-27,IVAN,0
2022-01-28,IVAN,0
2022-01-29,IVAN,0
2022-01-30,IVAN,0
2022-01-31,TITO,0
2022-02-01,TITO,0
2022-02-02,TITO,0
2022-02-03,EDWIN,0
2022-02-04,EDWIN,0
2022-02-05,EDWIN,0
2022-02-06,EDWIN,0
2022-02-07,IVAN,0
2022-02-08,IVAN,0
2022-02-09,IVAN,0
2022-02-10,HUGO,0
2022-02-11,HUGO,0
2022-02-12,HUGO,0
2022-02-13,HUGO,0
2022-02-14,EDWIN,0
2022-02-15,EDWIN,0
2022-02-16,EDWIN,0
2022-02-17,TITO,0
2022-02-18,TITO,0
2022-02-19,TITO,0
2022-02-20,TITO,0
2022-02-21,HUGO,0
2022-02-22,HUGO,0
2022-02-23,HUGO,0
2022-02-24,IVAN,0
2022-02-25,IVAN,0
2022-02-26,IVAN,0
2022-02-27,IVAN,0
2022-02-28,TITO,0
2022-03-01,TITO,0
2022-03-02,TITO,0
2022-03-03,EDWIN,0
2022-03-04,EDWIN,0
2022-03-05,EDWIN,0
2022-03-06,EDWIN,0
2022-03-07,IVAN,0
2022-03-08,IVAN,0
2022-03-09,IVAN,0
2022-03-10,HUGO,0
2022-03-11,HUGO,0
2022-03-12,HUGO,0
2022-03-13,HUGO,0
2022-03-14,EDWIN,0
2022-03-15,EDWIN,0
2022-03-16,EDWIN,0
2022-03-17,TITO,0
2022-03-18,TITO,0
2022-03-19,TITO,0
2022-03-20,TITO,0
2022-03-21,HUGO,0
2022-03-22,HUGO,0
2022-03-23,HUGO,0
2022-03-24,IVAN,0
2022-03-25,IVAN,0
2022-03-26,IVAN,0
2022-03-27,IVAN,0
2022-03-28,TITO,0
2022-03-29,TITO,0
2022-03-30,TITO,0
2022-03-31,EDWIN,0
2022-04-01,EDWIN,0
2022-04-02,EDWIN,0
2022-04-03,EDWIN,0
2022-04-04,IVAN,0
2022-04-05,IVAN,0
2022-04-06,IVAN,0
2022-04-07,HUGO,0
2022-04-08,HUGO,0
2022-04-09,HUGO,0
2022-04-10,HUGO,0
2022-04-11,EDWIN,0
2022-04-12,EDWIN,0
2022-04-13,EDWIN,0
2022-04-14,TITO,0
2022-04-15,TITO,0
2022-04-16,TITO,0
2022-04-17,TITO,0
2022-04-18,HUGO,0
2022-04-19,HUGO,0
2022-04-20,HUGO,0
2022-04-21,IVAN,0
2022-04-22,IVAN,0
2022-04-23,IVAN,0
2022-04-24,IVAN,0
2022-04-25,TITO,0
2022-04-26,TITO,0
2022-04-27,TITO,0
2022-04-28,TITO,0
2022-04-29,,0
2022-04-30,,0
2022-05-01,,0
2022-05-02,IVAN,0
2022-05-03,IVAN,0
2022-05-04,IVAN,0
2022-05-05,HUGO,0
2022-05-06,HUGO,0
2022-05-07,HUGO,0
2022-05-08,HUGO,0
2022-05-09,EDWIN,0
2022-05-10,EDWIN,0
2022-05-11,EDWIN,0
2022-05-12,TITO,0
2022-05-13,TITO,0
2022-05-14,TITO,0
2022-05-15,TITO,0
2022-05-16,HUGO,0
2022-05-17,HUGO,0
2022-05-18,HUGO,0
2022-05-19,HUGO,0
2022-05-20,IVAN,0
2022-05-21,,0
2022-05-22,IVAN,0
2022-05-23,IVAN,0
2022-05-24,TITO,0
2022-05-25,,0
2022-05-26,EDWIN,0
2022-05-27,EDWIN,0
2022-05-28,EDWIN,0
2022-05-29,EDWIN,0
2022-05-30,IVAN,0
2022-05-31,IVAN,0
2022-06-01,IVAN,0
2022-06-02,HUGO,0
2022-06-03,HUGO,0
2022-06-04,HUGO,0
2022-06-05,HUGO,0
2022-06-06,EDWIN,0
2022-06-07,EDWIN,0
2022-06-08,EDWIN,0
2022-06-09,TITO,0
2022-06-10,TITO,0
2022-06-11,TITO,0
2022-06-12,TITO,0
2022-06-13,HUGO,0
2022-06-14,HUGO,0
2022-06-15,HUGO,0
2022-06-16,IVAN,0
2022-06-17,IVAN,0
2022-06-18,IVAN,0
2022-06-19,IVAN,0
2022-06-20,TITO,0
2022-06-21,TITO,0
2022-06-22,TITO,0
2022-06-23,EDWIN,0
2022-06-24,EDWIN,0
2022-06-25,EDWIN,0
2022-06-26,EDWIN,0
2022-06-27,CRISTIAN,0
2022-06-28,CRISTIAN,0
2022-06-29,CRISTIAN,0
2022-06-30,HUGO,0
2022-07-01,HUGO,0
2022-07-02,HUGO,0
2022-07-03,HUGO,0
2022-07-04,TITO,0
2022-07-05,TITO,0
2022-07-06,TITO,0
2022-07-07,EDWIN,0
2022-07-08,EDWIN,0
2022-07-09,EDWIN,0
2022-07-10,EDWIN,0
2022-07-11,EDWIN,0
2022-07-12,CRISTIAN,0
2022-07-13,CRISTIAN,0
2022-07-14,IVAN,0
2022-07-15,IVAN,0
2022-07-16,IVAN,0
2022-07-17,IVAN,0
2022-07-18,EDWIN,0
2022-07-19,EDWIN,0
2022-07-20,EDWIN,0
2022-07-21,TITO,0
2022-07-22,TITO,0
2022-07-23,TITO,0
2022-07-24,TITO,0
2022-07-25,HUGO,0
2022-07-26,HUGO,0
2022-07-27,HUGO,0
2022-07-28,EDWIN,0
2022-07-29,EDWIN,0
2022-07-30,EDWIN,0
2022-07-31,EDWIN,0
2022-08-01,TITO,0
2022-08-02,TITO,0
2022-08-03,TITO,0
2022-08-04,IVAN,0
2022-08-05,IVAN,0
2022-08-06,IVAN,0
2022-08-07,IVAN,0
2022-08-08,CRISTIAN,0
2022-08-09,CRISTIAN,0
2022-08-10,CRISTIAN,0
2022-08-11,TITO,0
2022-08-12,TITO,0
2022-08-13,TITO,0
2022-08-14,TITO,0
2022-08-15,IVAN,0
2022-08-16,IVAN,0
2022-08-17,IVAN,0
2022-08-18,EDWIN,0
2022-08-19,EDWIN,0
2022-08-20,EDWIN,0
2022-08-21,EDWIN,0
2022-08-22,CRISTIAN,0
2022-08-23,CRISTIAN,0
2022-08-24,CRISTIAN,0
2022-08-25,CRISTIAN,0
2022-08-26,IVAN,0
2022-08-27,,0
2022-08-28,IVAN,0
2022-08-29,IVAN,0
2022-08-30,EDWIN,0
2022-08-31,EDWIN,0
2022-09-01,TITO,0
2022-09-02,TITO,0
2022-09-03,TITO,0
2022-09-04,TITO,0
2022-09-05,CRISTIAN,0
2022-09-06,CRISTIAN,0
2022-09-07,CRISTIAN,0
2022-09-08,EDWIN,0
2022-09-09,EDWIN,0
2022-09-10,EDWIN,0
2022-09-11,EDWIN,0
2022-09-12,TITO,0
2022-09-13,TITO,0
2022-09-14,TITO,0
2022-09-15,IVAN,0
2022-09-16,IVAN,0
2022-09-17,IVAN,0
2022-09-18,IVAN,0
2022-09-19,CRISTIAN,0
2022-09-20,CRISTIAN,0
2022-09-21,CRISTIAN,0
2022-09-22,TITO,0
2022-09-23,TITO,0
2022-09-24,TITO,0
2022-09-25,TITO,0
2022-09-26,IVAN,0
2022-09-27,IVAN,0
2022-09-28,IVAN,0
2022-09-29,EDWIN,0
2022-09-30,EDWIN,0
2022-10-01,,0
2022-10-02,,0
2022-10-03,,0
2022-10-04,,0
2022-10-05,CRISTIAN,0
2022-10-06,IVAN,0
2022-10-07,IVAN,0
2022-10-08,IVAN,0
2022-10-09,IVAN,0
2022-10-10,EDWIN,0
2022-10-11,EDWIN,0
2022-10-12,EDWIN,0
2022-10-13,TITO,0
2022-10-14,TITO,0
2022-10-15,TITO,0
2022-10-16,TITO,0
2022-10-17,CRISTIAN,0
2022-10-18,CRISTIAN,0
2022-10-19,CRISTIAN,0
2022-10-20,CRISTIAN,0
2022-10-21,EDWIN,0
2022-10-22,EDWIN,0
2022-10-23,EDWIN,0
2022-10-24,TITO,0
2022-10-25,TITO,0
2022-10-26,TITO,0
2022-10-27,IVAN,0
2022-10-28,IVAN,0
2022-10-29,IVAN,0
2022-10-30,IVAN,0
2022-10-31,CRISTIAN,0
2022-11-01,CRISTIAN,0
2022-11-02,CRISTIAN,0
2022-11-03,TITO,0
2022-11-04,TITO,0
2022-11-05,TITO,0
2022-11-06,TITO,0
2022-11-07,IVAN,0
2022-11-08,IVAN,0
2022-11-09,IVAN,0
2022-11-10,EDWIN,0
2022-11-11,EDWIN,0
2022-11-12,EDWIN,0
2022-11-13,EDWIN,0
2022-11-14,CRISTIAN,0
2022-11-15,CRISTIAN,0
2022-11-16,CRISTIAN,0
2022-11-17,CRISTIAN,0
2022-11-18,IVAN,0
2022-11-19,IVAN,0
2022-11-20,IVAN,0
2022-11-21,IVAN,0
2022-11-22,JAVIER,0
2022-11-23,JAVIER,0
2022-11-24,TITO,0
2022-11-25,TITO,0
2022-11-26,TITO,0
2022-11-27,TITO,0
2022-11-28,CRISTIAN,0
2022-11-29,CRISTIAN,0
2022-11-30,CRISTIAN,0
2022-12-01,CRISTIAN,0
2022-12-02,EDWIN,0
2022-12-03,EDWIN,0
2022-12-04,EDWIN,0
2022-12-05,JAVIER,0
2022-12-06,JAVIER,0
2022-12-07,JAVIER,0
2022-12-08,IVAN,0
2022-12-09,IVAN,0
2022-12-10,IVAN,0
2022-12-11,IVAN,0
2022-12-12,CRISTIAN,0
2022-12-13,CRISTIAN,0
2022-12-14,CRISTIAN,0
2022-12-15,TITO,0
2022-12-16,TITO,0
2022-12-17,TITO,0
2022-12-18,TITO,0
2022-12-19,JAVIER,0
2022-12-20,JAVIER,0
2022-12-21,JAVIER,0
2022-12-22,EDWIN,0
2022-12-23,EDWIN,0
2022-12-24,EDWIN,0
2022-12-25,EDWIN,0
2022-12-26,TITO,0
2022-12-27,TITO,0
2022-12-28,TITO,0
2022-12-29,JAVIER,0
2022-12-30,JAVIER,0
2022-12-31,JAVIER,0
2023-01-01,JAVIER,0
2023-01-02,JAVIER,0
2023-01-03,EDWIN,0
2023-01-04,EDWIN,0
2023-01-05,EDWIN,0
2023-01-06,IVAN,0
2023-01-07,IVAN,0
2023-01-08,IVAN,0
2023-01-09,JAVIER,0
2023-01-10,JAVIER,0
2023-01-11,JAVIER,0
2023-01-12,TITO,0
2023-01-13,TITO,0
2023-01-14,TITO,0
2023-01-15,TITO,0
2023-01-16,IVAN,0
2023-01-17,IVAN,0
2023-01-18,IVAN,0
2023-01-19,IVAN,0
2023-01-20,EDWIN,0
2023-01-21,EDWIN,0
2023-01-22,EDWIN,0
2023-01-23,TITO,0
2023-01-24,TITO,0
2023-01-25,TITO,0
2023-01-26,JAVIER,0
2023-01-27,JAVIER,0
2023-01-28,JAVIER,0
2023-01-29,JAVIER,0
2023-01-30,EDWIN,0
2023-01-31,EDWIN,0
2023-02-01,EDWIN,0
2023-02-02,IVAN,0
2023-02-03,IVAN,0
2023-02-04,IVAN,0
2023-02-05,IVAN,0
2023-02-06,JAVIER,0
2023-02-07,JAVIER,0
2023-02-08,JAVIER,0
2023-02-09,EDGAR,0
2023-02-10,EDGAR,0
2023-02-11,EDGAR,0
2023-02-12,EDGAR,0
2023-02-13,HUGO,0
2023-02-14,HUGO,0
2023-02-15,HUGO,0
2023-02-16,NATALIO,0
2023-02-17,NATALIO,0
2023-02-18,NATALIO,0
2023-02-19,NATALIO,0
2023-02-20,TITO,0
2023-02-21,TITO,0
2023-02-22,TITO,0
2023-02-23,TITO,0
2023-02-24,EDWIN,0
2023-02-25,EDWIN,0
2023-02-26,,0
2023-02-27,,0
2023-02-28,,0
2023-03-01,,0
2023-03-02,,0
2023-03-03,,0
2023-03-04,,0
2023-03-05,,0
2023-03-06,EDGAR,0
2023-03-07,EDGAR,0
2023-03-08,EDGAR,0
2023-03-09,HUGO,0
2023-03-10,HUGO,0
2023-03-11,HUGO,0
2023-03-12,HUGO,0
2023-03-13,HUGO,0
2023-03-14,NATALIO,0
2023-03-15,NATALIO,0
2023-03-16,TITO,0
2023-03-17,TITO,0
2023-03-18,TITO,0
2023-03-19,TITO,0
2023-03-20,EDWIN,0
2023-03-21,EDWIN,0
2023-03-22,EDWIN,0
2023-03-23,IVAN,0
2023-03-24,IVAN,0
2023-03-25,IVAN,0
2023-03-26,IVAN,0
2023-03-27,JAVIER,0
2023-03-28,JAVIER,0
2023-03-29,JAVIER,0
2023-03-30,EDGAR,0
2023-03-31,EDGAR,0
2023-04-01,EDGAR,0
2023-04-02,EDGAR,0
2023-04-03,EDGAR,0
2023-04-04,HUGO,0
2023-04-05,HUGO,0
2023-04-06,HUGO,0
2023-04-07,NATALIO,0
2023-04-08,NATALIO,0
2023-04-09,NATALIO,0
2023-04-10,TITO,0
2023-04-11,TITO,0
2023-04-12,TITO,0
2023-04-13,TITO,0
2023-04-14,EDWIN,0
2023-04-15,EDWIN,0
2023-04-16,EDWIN,0
2023-04-17,IVAN,0
2023-04-18,IVAN,0
2023-04-19,IVAN,0
2023-04-20,JAVIER,0
2023-04-21,JAVIER,0
2023-04-22,JAVIER,0
2023-04-23,JAVIER,0
2023-04-24,EDGAR,0
2023-04-25,EDGAR,0
2023-04-26,EDGAR,0
2023-04-27,HUGO,0
2023-04-28,HUGO,0
2023-04-29,HUGO,0
2023-04-30,HUGO,0
2023-05-01,NATALIO,0
2023-05-02,NATALIO,0
2023-05-03,NATALIO,0
2023-05-04,NATALIO,0
2023-05-05,TITO,0
2023-05-06,TITO,0
2023-05-07,TITO,0
2023-05-08,EDWIN,0
2023-05-09,EDWIN,0
2023-05-10,EDWIN,0
2023-05-11,IVAN,0
2023-05-12,IVAN,0
2023-05-13,IVAN,0
2023-05-14,IVAN,0
2023-05-15,JAVIER,0
2023-05-16,JAVIER,0
2023-05-17,JAVIER,0
2023-05-18,EDGAR,0
2023-05-19,EDGAR,0
2023-05-20,EDGAR,0
2023-05-21,EDGAR,0
2023-05-22,HUGO,0
2023-05-23,HUGO,0
2023-05-24,HUGO,0
2023-05-25,NATALIO,0
2023-05-26,NATALIO,0
2023-05-27,NATALIO,0
2023-05-28,NATALIO,0
2023-05-29,TITO,0
2023-05-30,TITO,0
2023-05-31,TITO,0
2023-06-01,EDWIN,0
2023-06-02,EDWIN,0
2023-06-03,EDWIN,0
2023-06-04,EDWIN,0
2023-06-05,IVAN,0
2023-06-06,IVAN,0
2023-06-07,IVAN,0
2023-06-08,JAVIER,0
2023-06-09,JAVIER,0
2023-06-10,JAVIER,0
2023-06-11,JAVIER,0
2023-06-12,EDGAR,0
2023-06-13,EDGAR,0
2023-06-14,EDGAR,0
2023-06-15,HUGO,0
2023-06-16,HUGO,0
2023-06-17,HUGO,0
2023-06-18,HUGO,0
2023-06-19,NATALIO,0
2023-06-20,NATALIO,0
2023-06-21,NATALIO,0
2023-06-22,TITO,0
2023-06-23,TITO,0
2023-06-24,TITO,0
2023-06-25,TITO,0
2023-06-26,TITO,0
2023-06-27,EDWIN,0
2023-06-28,EDWIN,0
2023-06-29,IVAN,0
2023-06-30,IVAN,0
2023-07-01,IVAN,0
2023-07-02,IVAN,0
2023-07-03,JAVIER,0
2023-07-04,JAVIER,0
2023-07-05,JAVIER,0
2023-07-06,EDGAR,0
2023-07-07,EDGAR,0
2023-07-08,EDGAR,0
2023-07-09,EDGAR,0
2023-07-10,HUGO,0
2023-07-11,HUGO,0
2023-07-12,HUGO,0
2023-07-13,NATALIO,0
2023-07-14,NATALIO,0
2023-07-15,NATALIO,0
2023-07-16,NATALIO,0
2023-07-17,TITO,0
2023-07-18,TITO,0
2023-07-19,TITO,0
2023-07-20,EDWIN,0
2023-07-21,EDWIN,0
2023-07-22,EDWIN,0
2023-07-23,EDWIN,0
2023-07-24,IVAN,0
2023-07-25,IVAN,0
2023-07-26,IVAN,0
2023-07-27,JAVIER,0
2023-07-28,JAVIER,0
2023-07-29,JAVIER,0
2023-07-30,JAVIER,0
2023-07-31,EDGAR,0
2023-08-01,EDGAR,0
2023-08-02,EDGAR,0
2023-08-03,HUGO,0
2023-08-04,HUGO,0
2023-08-05,HUGO,0
2023-08-06,HUGO,0
2023-08-07,JAVIER,0
2023-08-08,JAVIER,0
2023-08-09,JAVIER,0
2023-08-10,NATALIO,0
2023-08-11,NATALIO,0
2023-08-12,NATALIO,0
2023-08-13,NATALIO,0
2023-08-14,EDWIN,0
2023-08-15,EDWIN,0
2023-08-16,EDWIN,0
2023-08-17,HUGO,0
2023-08-18,HUGO,0
2023-08-19,HUGO,0
2023-08-20,HUGO,0
2023-08-21,HUGO,0
2023-08-22,TITO,0
2023-08-23,TITO,0
2023-08-24,EDGAR,0
2023-08-25,EDGAR,0
2023-08-26,EDGAR,0
2023-08-27,EDGAR,0
2023-08-28,IVAN,0
2023-08-29,IVAN,0
2023-08-30,IVAN,0
2023-08-31,IVAN,0
2023-09-01,JAVIER,0
2023-09-02,JAVIER,0
2023-09-03,JAVIER,0
2023-09-04,JAVIER,0
2023-09-05,NATALIO,0
2023-09-06,NATALIO,0
2023-09-07,NATALIO,0
2023-09-08,HUGO,0
2023-09-09,HUGO,0
2023-09-10,HUGO,0
2023-09-11,HUGO,0
2023-09-12,IVAN,0
2023-09-13,IVAN,0
2023-09-14,JAVIER,0
2023-09-15,JAVIER,0
2023-09-16,JAVIER,0
2023-09-17,JAVIER,0
2023-09-18,EDGAR,0
2023-09-19,EDGAR,0
2023-09-20,EDGAR,0
2023-09-21,TITO,0
2023-09-22,TITO,0
2023-09-23,TITO,0
2023-09-24,TITO,0
2023-09-25,JAVIER,0
2023-09-26,JAVIER,0
2023-09-27,JAVIER,0
2023-09-28,JAVIER,0
2023-09-29,NATALIO,0
2023-09-30,NATALIO,0
2023-10-01,NATALIO,0
2023-10-02,EDGAR,0
2023-10-03,EDGAR,0
2023-10-04,EDGAR,0
2023-10-05,TITO,0
2023-10-06,TITO,0
2023-10-07,TITO,0
2023-10-08,TITO,0
2023-10-09,EDGAR,0
2023-10-10,EDGAR,0
2023-10-11,EDGAR,0
2023-10-12,EDGAR,0
2023-10-13,JAVIER,0
2023-10-14,JAVIER,0
2023-10-15,JAVIER,0
2023-10-16,TITO,0
2023-10-17,TITO,0
2023-10-18,TITO,0
2023-10-19,EDGAR,0
2023-10-20,EDGAR,0
2023-10-21,EDGAR,0
2023-10-22,EDGAR,0
2023-10-23,JAVIER,0
2023-10-24,JAVIER,0
2023-10-25,JAVIER,0
2023-10-26,JAVIER,0
2023-10-27,HUGO,0
2023-10-28,HUGO,0
2023-10-29,HUGO,0
2023-10-30,EDGAR,0
2023-10-31,EDGAR,0
2023-11-01,EDGAR,0
2023-11-02,TITO,0
2023-11-03,TITO,0
2023-11-04,TITO,0
2023-11-05,TITO,0
2023-11-06,JAVIER,0
2023-11-07,JAVIER,0
2023-11-08,JAVIER,0
2023-11-09,JAVIER,1
2023-11-10,EDGAR,0
2023-11-11,EDGAR,0
2023-11-12,EDGAR,0
2023-11-13,EDGAR,0
2023-11-14,TITO,0
2023-11-15,TITO,0
2023-11-16,JAVIER,0
2023-11-17,JAVIER,0
2023-11-18,JAVIER,0
2023-11-19,JAVIER,0
2023-11-20,EDGAR,0
2023-11-21,EDGAR,0
2023-11-22,EDGAR,0
2023-11-23,EDGAR,1
2023-11-24,TITO,0
2023-11-25,TITO,0
2023-11-26,TITO,0
2023-11-27,TITO,1
2023-11-28,JAVIER,0
2023-11-29,JAVIER,0
2023-11-30,JAVIER,0
2023-12-01,EDGAR,0
2023-12-02,EDGAR,0
2023-12-03,EDGAR,0
2023-12-04,TITO,0
2023-12-05,TITO,0
2023-12-06,TITO,0
2023-12-07,JAVIER,0
2023-12-08,JAVIER,0
2023-12-09,JAVIER,0
2023-12-10,JAVIER,0
2023-12-11,EDGAR,0
2023-12-12,EDGAR,0
2023-12-13,EDGAR,0
2023-12-14,TITO,0
2023-12-15,TITO,0
2023-12-16,TITO,0
2023-12-17,TITO,0
2023-12-18,JAVIER,0
2023-12-19,JAVIER,0
2023-12-20,JAVIER,0
2023-12-21,PERCY,0
2023-12-22,PERCY,0
2023-12-23,PERCY,0
2023-12-24,PERCY,0
2023-12-25,TITO,0
2023-12-26,TITO,0
2023-12-27,TITO,0
2023-12-28,BERNARDINO,0
2023-12-29,BERNARDINO,0
2023-12-30,BERNARDINO,0
2023-12-31,BERNARDINO,0
2024-01-01,PERCY,0
2024-01-02,PERCY,0
2024-01-03,PERCY,0
2024-01-04,PERCY,1
2024-01-05,TITO,0
2024-01-06,TITO,0
2024-01-07,TITO,0
2024-01-08,BERNARDINO,0
2024-01-09,BERNARDINO,0
2024-01-10,BERNARDINO,0
2024-01-11,JAVIER,0
2024-01-12,JAVIER,0
2024-01-13,JAVIER,0
2024-01-14,JAVIER,0
2024-01-15,BERNARDINO,0
2024-01-16,BERNARDINO,0
2024-01-17,BERNARDINO,0
2024-01-18,TITO,0
2024-01-19,TITO,0
2024-01-20,TITO,0
2024-01-21,TITO,0
2024-01-22,TITO,0
2024-01-23,JAVIER,0
2024-01-24,JAVIER,0
2024-01-25,,0
2024-01-26,,0
2024-01-27,,0
2024-01-28,,0
2024-01-29,,0
2024-01-30,,0
2024-01-31,,0
2024-02-01,,0
2024-02-02,,0
2024-02-03,,0
2024-02-04,,0
2024-02-05,,0
2024-02-06,,0
2024-02-07,,0
2024-02-08,,0
2024-02-09,,0
2024-02-10,,0
2024-02-11,,0
2024-02-12,,0
2024-02-13,,0
2024-02-14,,0
2024-02-15,,0
2024-02-16,,0
2024-02-17,,0
2024-02-18,,0
2024-02-19,,0
2024-02-20,,0
2024-02-21,,0
2024-02-22,,0
2024-02-23,,0
2024-02-24,,0
2024-02-25,,0
2024-02-26,,0
2024-02-27,,0
2024-02-28,,0
2024-02-29,,0
2024-03-01,,0
2024-03-02,,0
2024-03-03,,0
2024-03-04,,0
2024-03-05,,0
2024-03-06,,0
2024-03-07,,0
2024-03-08,,0
2024-03-09,,0
2024-03-10,,0
2024-03-11,,0
2024-03-12,,0
2024-03-13,,0
2024-03-14,,0
2024-03-15,,0
2024-03-16,,0
2024-03-17,,0
2024-03-18,,0
2024-03-19,,0
2024-03-20,,0
2024-03-21,,0
2024-03-22,,0
2024-03-23,,0
2024-03-24,,0
2024-03-25,,0
2024-03-26,,0
2024-03-27,,0
2024-03-28,,0
2024-03-29,,0
2024-03-30,,0
2024-03-31,,0
2024-04-01,,0
2024-04-02,,0
2024-04-03,,0
2024-04-04,,0
2024-04-05,,0
2024-04-06,,0
2024-04-07,,0
2024-04-08,,0
2024-04-09,,0
2024-04-10,,0
2024-04-11,,0
2024-04-12,,0
2024-04-13,,0
2024-04-14,,0
2024-04-15,,0
2024-04-16,,0
2024-04-17,,0
2024-04-18,,0
2024-04-19,,0
2024-04-20,,0
2024-04-21,,0
2024-04-22,,0
2024-04-23,,0
2024-04-24,,0
2024-04-25,,0
2024-04-26,,0
2024-04-27,,0
2024-04-28,,0
2024-04-29,,0
2024-04-30,,0
2024-05-01,,0
2024-05-02,,0
2024-05-03,,0
2024-05-04,,0
2024-05-05,,0
2024-05-06,,0
2024-05-07,,0
2024-05-08,,0
2024-05-09,,0
2024-05-10,,0
2024-05-11,,0
2024-05-12,,0
2024-05-13,,0
2024-05-14,,0
2024-05-15,,0
2024-05-16,,0
2024-05-17,,0
2024-05-18,,0
2024-05-19,,0
2024-05-20,,0
2024-05-21,,0
2024-05-22,,0
2024-05-23,,0
2024-05-24,,0
2024-05-25,,0
2024-05-26,,0
2024-05-27,,0
2024-05-28,,0
2024-05-29,,0
2024-05-30,,0
2024-05-31,,0
2024-06-01,,0
2024-06-02,,0
2024-06-03,,0
2024-06-04,,0
2024-06-05,,0
2024-06-06,,0
2024-06-07,,0
2024-06-08,,0
2024-06-09,,0
2024-06-10,,0
2024-06-11,,0
2024-06-12,,0
2024-06-13,,0
2024-06-14,,0
2024-06-15,,0
2024-06-16,,0
2024-06-17,,0
2024-06-18,,0
2024-06-19,,0
2024-06-20,,0
2024-06-21,,0
2024-06-22,,0
2024-06-23,,0
2024-06-24,,0
2024-06-25,,0
2024-06-26,,0
2024-06-27,,0
2024-06-28,,0
2024-06-29,,0
2024-06-30,,0
2024-07-01,,0
2024-07-02,,0
2024-07-03,,0
2024-07-04,,0
2024-07-05,,0
2024-07-06,,0
2024-07-07,,0
2024-07-08,,0
2024-07-09,,0
2024-07-10,,0
2024-07-11,,0
2024-07-12,,0
2024-07-13,,0
2024-07-14,,0
2024-07-15,,0
2024-07-16,,0
2024-07-17,,0
2024-07-18,,0
2024-07-19,,0
2024-07-20,,0
2024-07-21,,0
2024-07-22,,0
2024-07-23,,0
2024-07-24,,0
2024-07-25,,0
2024-07-26,,0
2024-07-27,,0
2024-07-28,,0
2024-07-29,,0
2024-07-30,,0
2024-07-31,,0
2024-08-01,,0
2024-08-02,,0
2024-08-03,,0
2024-08-04,,0
2024-08-05,,0
2024-08-06,,0
2024-08-07,,0
2024-08-08,,0
2024-08-09,,0
2024-08-10,,0
2024-08-11,,0
2024-08-12,,0
2024-08-13,,0
2024-08-14,,0
2024-08-15,,0
2024-08-16,,0
2024-08-17,,0
2024-08-18,,0
2024-08-19,,0
2024-08-20,,0
2024-08-21,,0
2024-08-22,,0
2024-08-23,,0
2024-08-24,,0
2024-08-25,,0
2024-08-26,,0
2024-08-27,,0
2024-08-28,,0
2024-08-29,,0
2024-08-30,,0
2024-08-31,,0
2024-09-01,,0
2024-09-02,,0
2024-09-03,,0
2024-09-04,,0
2024-09-05,,0
2024-09-06,,0
2024-09-07,,0
2024-09-08,,0
2024-09-09,,0
2024-09-10,,0
2024-09-11,,0
2024-09-12,,0
2024-09-13,,0
2024-09-14,,0
2024-09-15,,0
2024-09-16,,0
2024-09-17,,0
2024-09-18,,0
2024-09-19,,0
2024-09-20,,0
2024-09-21,,0
2024-09-22,,0
2024-09-23,,0
2024-09-24,,0
2024-09-25,,0
2024-09-26,,0
2024-09-27,,0
2024-09-28,,0
2024-09-29,,0
2024-09-30,,0
2024-10-01,,0
2024-10-02,,0
2024-10-03,,0
2024-10-04,,0
2024-10-05,,0
2024-10-06,,0
2024-10-07,,0
2024-10-08,,0
2024-10-09,,0
2024-10-10,,0
2024-10-11,,0
2024-10-12,,0
2024-10-13,,0
2024-10-14,,0
2024-10-15,,0
2024-10-16,,0
2024-10-17,,0
2024-10-18,,0
2024-10-19,,0
2024-10-20,,0
2024-10-21,,0
2024-10-22,,0
2024-10-23,,0
2024-10-24,,0
2024-10-25,,0
2024-10-26,,0
2024-10-27,,0
2024-10-28,,0
2024-10-29,,0
2024-10-30,,0
2024-10-31,,0
2024-11-01,,0
2024-11-02,,0
2024-11-03,,0
2024-11-04,,0
2024-11-05,,0
2024-11-06,,0
2024-11-07,,0
2024-11-08,,0
2024-11-09,,0
2024-11-10,,0
2024-11-11,,0
2024-11-12,,0
2024-11-13,,0
2024-11-14,,0
2024-11-15,,0
2024-11-16,,0
2024-11-17,,0
2024-11-18,,0
2024-11-19,,0
2024-11-20,,0
2024-11-21,,0
2024-11-22,,0
2024-11-23,,0
2024-11-24,,0
2024-11-25,,0
2024-11-26,,0
2024-11-27,,0
2024-11-28,,0
2024-11-29,,0
2024-11-30,,0
2024-12-01,,0
2024-12-02,,0
2024-12-03,,0
2024-12-04,,0
2024-12-05,,0
2024-12-06,,0
2024-12-07,,0
2024-12-08,,0
2024-12-09,,0
2024-12-10,,0
2024-12-11,,0
2024-12-12,,0
2024-12-13,,0
2024-12-14,,0
2024-12-15,,0
2024-12-16,,0
2024-12-17,,0
2024-12-18,,0
2024-12-19,,0
2024-12-20,,0
2024-12-21,,0
2024-12-22,,0
2024-12-23,,0
2024-12-24,,0
2024-12-25,,0
2024-12-26,,0
2024-12-27,,0
2024-12-28,,0
2024-12-29,,0
2024-12-30,,0
2024-12-31,,0
